日期,收盘,成交额,开盘,最高,最低
20171010,2.87,65.65,2.24,2.87,2.24
20171011,3.25,20.0,3.25,3.25,3.25
20171012,3.67,45.0,3.67,3.67,3.67
20171013,4.13,33.0,4.13,4.13,4.13
20171016,4.64,58.46,4.64,4.64,4.64
20171017,5.2,162.19,5.2,5.2,5.2
20171018,5.81,163.53,5.81,5.81,5.81
20171019,6.49,269.73,6.49,6.49,6.49
20171020,7.23,987.46,7.23,7.23,7.23
20171023,8.05,5927.5,8.05,8.05,8.05
20171024,8.36,165863.57,8.72,8.95,8.27
20171025,8.52,113987.75,7.74,8.68,7.74
20171026,7.66,97821.51,8.39,8.42,7.64
20171027,7.77,61620.65,7.66,7.98,7.57
20171030,8.0,79210.48,7.74,8.2,7.6
20171031,7.78,62543.65,7.84,8.04,7.69
20171101,8.25,92286.27,7.88,8.33,7.64
20171102,8.4,128822.61,8.12,9.01,8.01
20171103,7.81,89311.77,8.43,8.57,7.69
20171106,7.75,56887.88,7.73,7.87,7.36
20171107,7.66,55099.19,7.74,7.76,7.4
20171108,8.13,97893.52,7.58,8.38,7.54
20171109,7.99,57429.35,7.97,8.09,7.81
20171110,8.0,81287.26,8.09,8.72,8.0
20171113,8.89,80690.73,8.12,8.89,7.99
20171114,8.88,138783.22,9.34,9.36,8.76
20171115,8.22,81952.57,8.5,8.63,8.08
20171116,8.24,59000.12,8.22,8.63,8.17
20171117,7.32,69396.48,7.87,7.88,7.32
20171120,6.84,39813.43,7.05,7.08,6.61
20171121,6.95,37596.05,6.77,7.16,6.65
20171122,6.78,29339.61,6.88,6.97,6.67
20171123,6.29,34332.78,6.72,6.76,6.28
20171124,6.0,23271.59,6.24,6.35,5.98
20171127,5.96,20327.54,6.0,6.19,5.9
20171128,6.15,17641.02,6.05,6.2,6.01
20171129,6.16,20560.44,6.11,6.32,6.01
20171130,6.25,21968.96,6.27,6.4,6.21
20171201,6.2,14788.12,6.26,6.28,6.03
20171204,5.49,34831.76,6.2,6.2,5.49
20171205,5.25,21280.55,5.49,5.61,5.16
20171206,5.38,18118.48,5.25,5.39,5.14
20171207,5.34,15561.26,5.35,5.42,5.25
20171208,5.52,20653.23,5.32,5.63,5.32
20171211,5.59,14506.45,5.45,5.61,5.45
20171212,5.24,19954.63,5.56,5.6,5.24
20171213,5.36,12671.06,5.19,5.4,5.19
20171214,5.37,13632.6,5.39,5.39,5.25
20171215,5.27,11377.01,5.36,5.38,5.23
20171218,5.16,11569.66,5.24,5.3,5.11
20171219,5.29,13399.31,5.19,5.34,5.19
20171220,5.1,12115.96,5.31,5.31,5.08
20171221,5.17,12581.93,5.0,5.2,4.97
20171222,5.22,13482.81,5.17,5.31,5.13
20171225,5.69,39798.97,5.2,5.82,5.2
20171226,5.98,53654.58,5.56,6.11,5.56
20171227,5.77,36796.0,5.92,6.0,5.72
20171228,5.87,32248.28,5.76,6.1,5.76
20171229,5.73,21450.31,5.88,5.94,5.62
20180102,5.8,13971.51,5.71,5.82,5.71
20180103,5.88,21591.5,5.78,5.91,5.7
20180104,5.85,15148.57,5.85,5.87,5.73
20180105,6.24,49628.99,5.81,6.53,5.8
20180108,6.76,58714.3,6.24,6.89,6.14
20180109,6.89,70718.04,6.62,7.36,6.59
20180110,7.01,61530.93,6.88,7.17,6.22
20180111,7.1,75117.16,6.73,7.64,6.73
20180112,6.77,42751.03,6.88,7.07,6.62
20180115,6.79,38097.89,6.67,6.87,6.34
20180116,6.79,37391.61,6.56,7.12,6.54
20180117,6.71,30298.73,6.59,6.94,6.59
20180118,6.82,30889.07,6.67,7.02,6.67
20180119,6.4,35959.46,6.82,6.92,6.31
20180122,6.03,32356.36,6.21,6.33,5.9
20180123,6.07,13810.39,6.03,6.15,5.99
20180124,6.18,18710.37,6.1,6.26,6.06
20180125,6.08,17940.11,6.16,6.26,6.07
20180126,5.8,26846.67,6.12,6.13,5.71
20180129,5.94,17334.77,5.79,5.95,5.77
20180130,6.01,18800.4,5.91,6.1,5.77
20180131,5.58,21652.93,5.96,5.97,5.48
20180201,5.38,14156.16,5.53,5.74,5.32
20180202,5.27,11385.06,5.38,5.4,5.06
20180205,5.15,9913.0,5.24,5.34,5.11
20180206,4.54,19698.38,5.01,5.05,4.54
20180207,4.68,14273.15,4.71,4.8,4.38
20180208,4.77,8782.0,4.63,4.85,4.63
20180209,4.63,10778.46,4.63,4.75,4.55
20180212,4.85,10679.03,4.68,4.94,4.68
20180213,4.82,6905.0,4.83,4.94,4.82
20180214,4.79,6053.96,4.87,4.87,4.76
20180222,4.91,6170.73,4.91,4.92,4.8
20180223,4.91,8116.38,4.88,4.95,4.87
20180226,5.17,15281.56,5.0,5.19,4.98
20180227,5.21,14633.1,5.16,5.23,5.08
20180228,5.07,11000.0,5.13,5.16,5.07
20180301,5.18,11009.85,5.07,5.19,5.01
20180302,5.1,13974.17,5.13,5.29,5.09
20180305,5.2,9440.08,5.11,5.21,5.11
20180306,5.28,17840.32,5.2,5.38,5.15
20180307,5.3,14281.31,5.28,5.35,5.21
20180308,5.69,36707.85,5.29,5.9,5.25
20180309,5.69,26008.21,5.63,5.74,5.57
20180312,5.76,19889.31,5.73,5.86,5.68
20180313,5.61,14396.13,5.75,5.75,5.59
20180314,5.53,12703.54,5.57,5.72,5.5
20180315,5.19,21698.22,5.46,5.52,4.96
20180316,5.16,10538.61,5.15,5.25,5.15
20180319,5.32,14349.15,5.16,5.43,5.11
20180320,5.95,28698.99,5.21,5.95,5.19
20180321,6.64,32142.47,6.64,6.64,6.64
20180322,7.4,19216.46,7.4,7.4,7.4
20180323,7.66,169634.9,7.4,8.23,7.09
20180326,8.52,150647.13,6.8,8.52,6.8
20180327,8.63,157826.82,8.48,9.44,8.24
20180328,8.73,127357.0,8.39,9.08,8.26
20180329,8.23,89343.52,8.53,8.76,8.0
20180330,8.74,119417.6,8.44,9.14,8.25
20180402,8.96,113209.31,9.06,9.14,8.5
20180403,9.14,126721.46,8.62,9.88,8.55
20180404,10.15,154709.96,9.44,10.15,9.29
20180409,11.25,161040.12,10.03,11.25,9.52
20180410,12.47,127578.01,10.93,12.47,10.83
20180411,12.76,201526.07,13.81,13.81,12.47
20180412,11.39,123395.81,12.76,13.08,11.39
20180413,10.51,121092.68,10.89,11.39,10.35
20180416,10.33,65765.17,10.13,10.45,10.08
20180417,9.83,69994.46,10.34,10.47,9.6
20180418,10.18,69380.44,9.98,10.29,9.71
20180419,9.97,83938.42,10.11,10.65,9.96
20180420,9.04,72329.35,9.63,9.65,8.89
20180423,9.27,42236.24,9.04,9.39,8.98
20180424,10.29,84223.81,9.32,10.29,9.24
20180425,11.41,126347.14,10.54,11.41,10.42
20180426,11.42,130571.29,11.31,12.32,10.86
20180427,11.77,154025.5,11.31,12.65,10.93
20180502,11.57,106479.12,11.75,12.28,11.18
20180503,12.82,119784.2,11.37,12.82,11.23
20180504,12.0,110541.72,12.66,12.95,11.97
20180507,12.27,81052.74,12.12,12.66,11.88
20180508,12.99,106109.47,12.28,13.55,11.98
20180509,12.38,91480.53,12.59,12.73,12.08
20180510,13.07,104745.89,12.2,13.55,12.1
20180511,13.21,80191.51,13.14,13.54,12.59
20180514,12.83,55514.18,13.02,13.39,12.63
20180515,13.27,71937.17,12.83,13.32,12.47
20180516,14.69,201459.14,13.38,14.69,13.13
20180517,13.45,291558.26,15.42,15.42,13.2
20180518,13.46,159775.58,12.72,13.79,12.71
20180521,14.13,188167.14,13.02,14.3,13.02
20180522,13.93,181940.48,13.91,14.4,13.79
20180523,14.86,275776.86,13.74,15.41,13.56
20180524,14.64,155431.4,14.69,14.76,14.29
20180525,14.02,147313.54,14.8,14.8,13.79
20180528,12.94,127421.92,14.06,14.06,12.55
20180529,11.97,126886.08,12.95,13.23,11.85
20180530,10.69,129077.0,11.57,11.57,10.69
20180531,11.07,104101.82,10.88,11.08,10.36
20180601,10.43,106930.54,10.95,11.16,10.06
20180604,10.43,60320.8,10.5,10.73,10.38
20180605,11.56,156388.82,10.55,11.56,10.5
20180606,12.0,195345.5,11.54,12.62,11.34
20180607,12.04,134989.46,12.15,12.41,11.59
20180608,12.02,101079.0,11.79,12.19,11.49
20180611,11.53,66104.0,11.85,11.94,11.49
20180612,12.32,128697.82,11.37,12.65,11.37
20180613,11.73,95600.68,12.05,12.24,11.6
20180614,11.9,83979.5,11.59,12.29,11.59
20180615,11.37,66743.0,11.8,12.11,11.29
20180619,10.14,68389.0,11.03,11.03,10.14
20180620,10.58,79226.0,9.67,10.81,9.67
20180621,9.99,71165.92,10.47,10.75,9.91
20180622,10.25,50729.36,9.73,10.31,9.73
20180625,10.24,54950.0,10.55,10.73,10.24
20180626,10.54,63037.76,10.08,10.71,9.81
20180627,10.6,76802.84,10.57,11.07,10.38
20180628,10.22,59009.46,10.46,10.73,10.22
20180629,10.64,64829.38,10.22,10.65,10.18
20180702,10.68,83238.38,10.68,11.08,10.5
20180703,10.92,72026.0,10.5,10.98,10.32
20180704,10.24,64633.84,10.78,10.81,9.92
20180705,9.72,46076.92,10.24,10.45,9.71
20180706,9.55,67743.91,9.5,9.97,9.12
20180709,9.99,57342.83,9.58,10.07,9.58
20180710,11.08,114645.75,9.98,11.08,9.98
20180711,12.28,208134.92,10.88,12.28,10.63
20180712,12.27,245512.6,12.87,13.32,11.79
20180713,12.02,164220.99,11.86,12.81,11.83
20180716,11.9,97112.3,11.97,12.21,11.54
20180717,11.8,66520.77,11.76,12.09,11.53
20180718,11.87,90720.61,11.85,12.3,11.75
20180719,11.81,84514.49,11.7,12.2,11.59
20180720,11.58,62839.92,11.59,11.81,11.47
20180723,10.33,100393.46,10.83,10.83,10.33
20180724,10.41,82721.69,9.86,10.67,9.86
20180725,10.34,55832.66,10.42,10.64,10.25
20180726,10.12,53086.76,10.4,10.58,10.07
20180727,9.82,39967.92,10.11,10.27,9.8
20180730,10.02,48401.92,9.93,10.1,9.81
20180731,9.73,37696.37,10.01,10.02,9.58
20180801,9.31,53199.79,9.64,9.86,9.26
20180802,9.92,94339.59,9.31,10.06,8.34
20180803,9.66,73726.6,9.66,10.25,9.41
20180806,9.43,42480.38,9.35,9.79,9.2
20180807,9.56,43404.38,9.37,9.63,9.2
20180808,9.3,42273.0,9.56,9.71,9.25
20180809,9.42,42290.2,9.13,9.55,9.07
20180810,9.87,78910.61,9.48,10.21,9.38
20180813,9.81,51338.44,9.61,9.96,9.55
20180814,9.9,44668.01,9.8,10.11,9.71
20180815,9.47,39399.0,9.91,9.93,9.42
20180816,9.31,27983.82,9.3,9.59,9.2
20180817,8.83,32577.84,9.45,9.55,8.81
20180820,8.91,29625.12,8.94,9.09,8.54
20180821,9.2,38114.04,9.02,9.29,8.84
20180822,8.82,31754.28,9.12,9.2,8.78
20180823,8.99,28025.01,8.84,9.14,8.84
20180824,8.94,27087.69,9.11,9.14,8.84
20180827,9.19,40607.29,8.94,9.29,8.88
20180828,9.11,30770.3,9.19,9.27,9.03
20180829,8.9,27696.0,9.15,9.19,8.87
20180830,8.77,23499.32,8.9,8.97,8.69
20180831,8.29,29382.0,8.71,8.74,8.29
20180903,8.08,27484.46,8.23,8.25,7.78
20180904,8.2,23094.0,8.02,8.34,8.02
20180905,7.89,26416.46,8.17,8.23,7.86
20180906,7.97,27886.92,7.87,8.2,7.81
20180907,7.98,26764.34,8.01,8.2,7.91
20180910,8.16,50179.68,7.98,8.38,7.8
20180911,7.94,31091.99,8.06,8.13,7.83
20180912,7.9,18235.1,7.96,7.99,7.86
20180913,7.75,35895.21,7.91,8.05,7.36
20180914,7.18,37026.4,7.7,7.75,7.16
20180917,7.12,19674.0,7.24,7.33,7.05
20180918,7.31,26630.0,7.12,7.41,7.12
20180919,7.45,40331.0,7.26,7.66,7.19
20180920,7.27,26735.0,7.38,7.43,7.23
20180921,7.43,41628.14,7.31,7.61,7.21
20180925,7.3,21286.6,7.26,7.39,7.26
20180926,7.36,26988.76,7.37,7.5,7.27
20180927,7.56,66738.26,7.33,7.76,7.33
20180928,7.42,38153.26,7.47,7.5,7.33
20181008,6.59,43400.1,7.07,7.18,6.59
20181009,6.5,26036.0,6.58,6.67,6.45
20181010,6.64,31499.0,6.5,6.88,6.5
20181011,5.89,40958.4,6.39,6.39,5.89
20181012,5.97,38358.73,5.7,6.06,5.5
20181015,6.07,35176.45,5.92,6.17,5.92
20181016,5.8,35302.53,5.88,6.12,5.63
20181017,5.79,26448.0,5.93,5.98,5.55
20181018,5.44,24183.0,5.73,5.8,5.43
20181019,5.57,32678.9,5.36,5.71,5.25
20181022,6.22,61698.9,5.65,6.22,5.65
20181023,6.01,60210.0,6.25,6.49,5.93
20181024,5.99,32756.0,5.88,6.15,5.88
20181025,5.76,32555.92,5.74,5.76,5.58
20181026,5.81,29295.92,5.86,6.02,5.73
20181029,5.66,18576.92,5.81,5.83,5.58
20181030,5.7,25903.0,5.69,5.77,5.45
20181031,6.36,61922.43,5.76,6.36,5.71
20181101,6.75,134506.67,6.45,7.05,6.2
20181102,6.76,116167.09,6.52,6.95,6.52
20181105,6.55,75017.44,6.72,6.83,6.48
20181106,6.66,62649.9,6.53,6.73,6.53
20181107,6.48,58742.9,6.59,6.66,6.39
20181108,6.39,40586.37,6.57,6.6,6.35
20181109,6.25,34398.45,6.24,6.42,6.15
20181112,6.45,40071.68,6.26,6.47,6.26
20181113,6.45,52754.3,6.36,6.5,6.29
20181114,6.47,54671.53,6.54,6.67,6.42
20181115,6.67,60505.86,6.45,6.67,6.42
20181116,6.53,57292.42,6.68,6.7,6.46
20181119,6.29,55742.0,6.34,6.39,6.2
20181120,6.14,40785.84,6.29,6.37,6.05
20181121,6.21,35512.79,5.94,6.29,5.93
20181122,6.41,57634.0,6.2,6.54,6.13
20181123,5.82,42481.96,6.35,6.37,5.82
20181126,5.64,23010.0,5.88,5.89,5.58
20181127,5.65,17774.0,5.72,5.73,5.59
20181128,5.68,25891.0,5.64,5.69,5.33
20181129,5.43,24796.0,5.7,5.78,5.43
20181130,5.52,19264.0,5.37,5.56,5.32
20181203,5.8,33818.0,5.67,5.95,5.61
20181204,5.81,22797.46,5.78,5.87,5.73
20181205,6.03,58113.5,5.73,6.43,5.67
20181206,5.88,36657.0,6.01,6.21,5.83
20181207,5.63,28072.0,5.88,5.97,5.61
20181210,5.54,14795.92,5.54,5.71,5.52
20181211,5.49,22588.06,5.61,5.64,5.45
20181212,5.47,17379.32,5.49,5.56,5.4
20181213,5.5,21261.96,5.51,5.54,5.36
20181214,5.32,21203.52,5.52,5.55,5.32
20181217,5.31,12325.0,5.32,5.37,5.21
20181218,5.27,16307.0,5.32,5.35,5.25
20181219,5.08,20446.0,5.29,5.29,5.02
20181220,5.37,49096.0,5.06,5.5,5.03
20181221,5.26,30244.0,5.26,5.4,5.18
20181224,5.52,59045.93,5.25,5.72,5.21
20181225,5.33,47255.06,5.37,5.41,5.05
20181226,5.25,23480.0,5.27,5.38,5.23
20181227,5.06,23180.0,5.33,5.37,5.04
20181228,5.08,19199.78,5.08,5.2,5.05
20190102,5.13,16614.29,5.1,5.18,5.08
20190103,4.83,27398.0,5.08,5.09,4.82
20190104,4.96,21132.64,4.76,4.97,4.74
20190107,5.11,23622.84,5.02,5.16,4.96
20190108,5.13,31487.86,5.14,5.29,5.06
20190109,5.13,49111.91,5.09,5.4,5.01
20190110,4.95,34376.53,5.09,5.13,4.93
20190111,5.02,22041.06,4.94,5.05,4.88
20190114,5.03,22958.06,5.12,5.15,5.02
20190115,5.07,23433.0,5.01,5.1,4.89
20190116,5.21,50917.06,5.14,5.61,5.09
20190117,5.05,32059.0,5.17,5.21,5.04
20190118,5.65,75581.68,5.1,5.65,5.03
20190121,5.84,189234.64,5.95,6.28,5.79
20190122,5.89,117961.46,5.6,5.96,5.55
20190123,5.71,72406.0,5.86,5.86,5.57
20190124,5.76,85168.0,5.62,6.12,5.62
20190125,5.59,51941.53,5.6,5.71,5.51
20190128,5.35,54926.61,5.54,5.83,5.34
20190129,5.03,48063.02,5.41,5.41,4.72
20190130,4.9,31746.21,4.95,5.11,4.86
20190131,4.75,33952.0,4.96,5.02,4.73
20190201,4.99,25200.02,4.78,4.99,4.78
20190211,5.18,38726.9,5.01,5.2,4.96
20190212,5.5,78944.58,5.17,5.72,5.15
20190213,5.49,72787.84,5.32,5.52,5.26
20190214,5.4,40333.12,5.42,5.45,5.35
20190215,5.36,34448.74,5.39,5.46,5.36
20190218,5.59,61573.51,5.37,5.6,5.37
20190219,5.57,65563.28,5.74,5.8,5.49
20190220,5.51,38577.0,5.55,5.57,5.45
20190221,5.54,57017.18,5.53,5.68,5.48
20190222,5.84,102800.8,5.52,5.97,5.45
20190225,6.2,123294.61,5.82,6.22,5.81
20190226,6.39,159124.22,6.15,6.91,6.01
20190227,6.16,92560.72,6.26,6.52,6.07
20190228,6.33,80205.57,6.24,6.48,6.19
20190301,6.23,56229.45,6.4,6.41,6.14
20190304,6.28,71613.42,6.23,6.43,6.22
20190305,6.47,98068.68,6.28,6.6,6.16
20190306,6.74,132283.9,6.45,6.9,6.31
20190307,6.89,138625.32,6.63,6.9,6.47
20190308,6.28,100821.92,6.68,6.8,6.24
20190311,6.48,66809.18,6.28,6.5,6.27
20190312,6.61,93821.26,6.54,6.79,6.46
20190313,6.54,82854.48,6.61,6.8,6.48
20190314,6.13,67949.24,6.51,6.57,5.99
20190315,6.33,56861.46,6.22,6.45,6.22
20190318,6.68,87140.5,6.44,6.69,6.34
20190319,6.84,132831.58,6.59,7.29,6.53
20190320,6.94,123697.02,6.84,7.08,6.53
20190321,7.01,103959.56,6.84,7.01,6.81
20190322,6.83,58632.48,7.01,7.04,6.79
20190325,6.91,91157.92,6.74,7.05,6.6
20190326,6.45,71068.93,6.92,6.95,6.42
20190327,6.61,48053.0,6.46,6.67,6.46
20190328,6.26,54185.0,6.61,6.67,6.24
20190329,6.39,46189.0,6.16,6.41,6.09
20190401,6.61,48904.0,6.46,6.62,6.42
20190402,6.63,54144.9,6.55,6.71,6.55
20190403,6.94,96840.22,6.55,6.98,6.55
20190404,6.74,79336.35,6.92,6.92,6.69
20190408,6.9,85839.2,6.83,6.95,6.62
20190409,7.0,74338.19,6.84,7.0,6.75
20190410,7.79,82419.02,7.41,7.79,7.21
20190411,7.49,270658.76,8.31,8.64,7.35
20190412,6.76,150689.4,7.0,7.07,6.65
20190415,6.56,79007.0,6.75,6.87,6.55
20190416,6.7,53499.34,6.54,6.73,6.5
20190417,6.7,56454.0,6.68,6.76,6.61
20190418,6.5,56074.64,6.71,6.72,6.5
20190419,6.6,31935.3,6.49,6.62,6.47
20190422,6.52,34566.0,6.63,6.65,6.49
20190423,6.33,35467.0,6.47,6.53,6.24
20190424,6.44,27911.34,6.34,6.45,6.25
20190425,6.05,36287.3,6.42,6.42,5.89
20190426,5.84,28057.77,6.04,6.08,5.84
20190429,5.51,32893.0,5.78,5.91,5.49
20190430,5.63,18096.92,5.43,5.65,5.42
20190506,4.98,37697.87,5.54,5.54,4.97
20190507,5.13,25262.87,4.99,5.18,4.99
20190508,5.17,25619.79,5.02,5.3,4.93
20190509,5.11,18029.0,5.16,5.28,5.11
20190510,5.26,30569.0,5.18,5.28,5.02
20190513,5.24,22347.0,5.25,5.34,5.19
20190514,5.16,18468.0,5.24,5.24,5.13
20190515,5.26,21962.0,5.2,5.29,5.19
20190516,5.52,52053.0,5.27,5.67,5.22
20190517,5.17,36713.75,5.45,5.45,5.09
20190520,5.17,17610.57,5.18,5.23,4.99
20190521,5.29,15930.28,5.23,5.29,5.17
20190522,5.21,18964.0,5.27,5.36,5.16
20190523,5.02,17539.0,5.21,5.22,5.01
20190524,5.15,19195.72,5.03,5.27,4.96
20190527,5.25,21556.72,5.11,5.27,5.05
20190528,5.21,20139.19,5.24,5.31,5.16
20190529,5.22,15647.34,5.22,5.27,5.16
20190530,5.18,14782.24,5.19,5.22,5.09
20190531,5.23,17528.06,5.21,5.27,5.16
20190603,5.08,17258.68,5.3,5.3,5.06
20190604,4.87,18078.0,5.08,5.11,4.82
20190605,4.88,11991.85,4.96,4.97,4.85
20190606,4.48,30036.74,4.83,4.84,4.4
20190610,4.53,15208.47,4.5,4.57,4.46
20190611,4.8,26774.16,4.55,4.81,4.54
20190612,4.82,21458.0,4.87,4.95,4.79
20190613,4.93,19447.61,4.82,5.04,4.8
20190614,4.8,19029.13,4.87,4.99,4.68
20190617,5.03,43243.1,4.93,5.26,4.87
20190618,4.8,30116.12,4.97,4.97,4.76
20190619,4.85,25882.47,4.88,4.95,4.82
20190620,4.92,34298.9,4.83,4.96,4.78
20190621,5.02,35357.0,4.95,5.07,4.93
20190624,4.98,22588.0,5.02,5.1,4.94
20190625,4.84,23561.0,4.98,5.01,4.79
20190626,4.91,22543.0,4.79,4.98,4.79
20190627,5.06,47126.65,4.92,5.37,4.9
20190628,4.82,37969.79,5.05,5.06,4.81
20190701,4.95,30224.88,4.92,4.97,4.86
20190702,5.0,27783.87,5.01,5.01,4.89
20190703,5.07,45940.04,4.97,5.15,4.9
20190704,4.97,22973.18,5.05,5.05,4.94
20190705,4.95,19281.79,4.95,5.01,4.92
20190708,4.56,34652.7,4.95,4.95,4.55
20190709,4.62,14528.7,4.55,4.65,4.55
20190710,4.59,12188.24,4.63,4.66,4.56
20190711,4.66,15112.13,4.64,4.71,4.59
20190712,4.75,30293.71,4.63,4.95,4.55
20190715,4.78,24153.31,4.67,4.81,4.56
20190716,4.84,21570.0,4.78,4.91,4.73
20190717,4.8,14781.0,4.81,4.88,4.78
20190718,4.69,13165.62,4.77,4.8,4.66
20190719,4.69,9808.0,4.68,4.79,4.68
20190722,4.54,13429.3,4.7,4.72,4.53
20190723,4.62,12095.58,4.54,4.63,4.48
20190724,4.66,14921.58,4.59,4.71,4.59
20190725,4.64,12311.0,4.66,4.69,4.63
20190726,4.64,9409.0,4.63,4.67,4.6
20190729,4.65,8842.0,4.65,4.69,4.62
20190730,4.69,16116.0,4.65,4.76,4.64
20190731,4.59,14125.0,4.68,4.69,4.58
20190801,4.56,13038.0,4.58,4.63,4.55
20190802,4.45,14422.6,4.48,4.52,4.43
20190805,4.37,15474.7,4.45,4.52,4.36
20190806,4.14,22913.16,4.27,4.32,4.01
20190807,4.11,10429.0,4.18,4.18,4.1
20190808,4.12,10213.0,4.09,4.16,4.09
20190809,4.13,12779.87,4.16,4.25,4.11
20190812,4.21,11048.58,4.13,4.22,4.12
20190813,4.2,9919.0,4.14,4.21,4.13
20190814,4.31,27685.29,4.25,4.44,4.21
20190815,4.49,45160.29,4.2,4.57,4.12
20190816,4.4,32980.58,4.43,4.52,4.38
20190819,4.49,29551.42,4.37,4.49,4.37
20190820,4.48,26076.0,4.49,4.56,4.44
20190821,4.45,18095.0,4.48,4.52,4.41
20190822,4.48,16997.0,4.44,4.5,4.43
20190823,5.01,54737.03,4.51,5.01,4.45
20190826,5.3,203223.91,5.06,5.57,5.04
20190827,5.32,170945.71,5.09,5.65,5.09
20190828,5.07,102248.86,5.25,5.29,5.06
20190829,5.11,74415.4,5.08,5.11,4.88
20190830,4.76,84851.28,5.06,5.07,4.72
20190902,4.88,45660.45,4.82,4.95,4.76
20190903,5.06,82349.83,4.95,5.18,4.85
20190904,4.96,58108.73,5.01,5.08,4.88
20190905,4.95,66400.73,5.01,5.02,4.93
20190906,5.09,75393.83,4.97,5.13,4.87
20190909,5.14,67928.52,5.13,5.14,5.03
20190910,5.74,145895.14,5.09,5.74,5.04
20190911,5.78,236956.3,5.79,6.19,5.23
20190912,5.9,161666.82,5.7,6.1,5.54
20190916,5.83,109282.95,5.9,6.05,5.76
20190917,5.53,76905.45,5.79,5.79,5.47
20190918,5.63,54891.33,5.53,5.69,5.5
20190919,5.7,51781.38,5.64,5.73,5.55
20190920,5.9,98400.36,5.72,5.98,5.7
20190923,5.85,71706.69,5.93,5.97,5.75
20190924,5.87,74201.24,5.89,6.01,5.76
20190925,5.53,76792.5,5.88,5.88,5.42
20190926,4.92,78774.92,5.4,5.53,4.89
20190927,5.03,71282.0,4.83,5.19,4.37
20190930,5.06,50447.76,5.04,5.31,4.97
20191008,5.16,56767.05,5.01,5.48,5.01
20191009,5.27,61309.47,5.21,5.52,5.01
20191010,5.17,60415.04,5.21,5.3,5.07
20191011,5.03,49286.35,5.17,5.22,5.01
20191014,5.14,39793.04,5.09,5.19,5.05
20191015,5.08,28212.12,5.07,5.13,5.0
20191016,4.99,28683.0,5.11,5.14,4.98
20191017,4.9,28089.42,4.95,5.07,4.85
20191018,4.88,41231.34,4.9,5.11,4.88
20191021,4.83,28162.16,4.91,4.98,4.63
20191022,4.85,22899.0,4.88,4.88,4.75
20191023,4.8,25319.76,4.83,4.95,4.77
20191024,4.77,19374.0,4.74,4.83,4.68
20191025,4.93,54863.08,4.82,4.99,4.66
20191028,4.97,54485.56,4.84,5.09,4.81
20191029,4.95,40496.59,4.98,5.09,4.86
20191030,4.63,47027.55,4.97,4.97,4.6
20191031,4.53,31012.92,4.68,4.69,4.49
20191101,4.55,23193.64,4.45,4.65,4.45
20191104,4.68,31173.63,4.61,4.78,4.57
20191105,4.72,25869.7,4.56,4.76,4.56
20191106,4.69,19772.0,4.74,4.76,4.68
20191107,4.84,37193.0,4.73,4.93,4.72
20191108,4.93,50928.68,4.82,4.96,4.81
20191111,5.05,85940.77,4.89,5.23,4.85
20191112,5.14,64372.66,5.04,5.19,4.8
20191113,5.09,39727.06,5.24,5.24,5.03
20191114,5.32,80196.89,5.01,5.39,4.95
20191115,4.99,49897.2,5.23,5.25,4.95
20191118,5.4,117019.44,5.1,5.57,5.04
20191119,5.39,81709.22,5.29,5.43,5.21
20191120,5.29,61380.3,5.29,5.34,5.17
20191121,5.1,43263.34,5.22,5.33,5.09
20191122,5.15,37276.92,5.11,5.24,4.99
20191125,5.02,20007.0,5.15,5.19,5.0
20191126,4.93,21112.5,5.02,5.08,4.89
20191127,4.77,24438.0,4.94,4.94,4.74
20191128,4.82,12683.7,4.8,4.84,4.72
20191129,5.07,41698.54,4.83,5.1,4.83
20191202,5.08,25914.9,5.0,5.08,4.96
20191203,5.18,29538.2,5.02,5.22,4.96
20191204,5.14,25300.0,5.09,5.19,5.05
20191205,5.18,31383.7,5.13,5.22,5.09
20191206,5.13,37146.0,5.11,5.17,5.02
20191209,5.26,43902.37,5.11,5.3,5.04
20191210,5.27,29450.0,5.21,5.29,5.16
20191211,5.11,23024.0,5.21,5.24,5.09
20191212,5.22,32915.19,5.09,5.27,5.05
20191213,5.27,40614.0,5.23,5.31,5.18
20191216,5.29,42510.41,5.27,5.3,5.14
20191217,5.42,56495.8,5.3,5.49,5.27
20191218,5.5,51331.69,5.38,5.52,5.35
20191219,5.68,73657.18,5.5,5.8,5.44
20191220,5.44,53219.0,5.62,5.68,5.43
20191223,5.26,33136.98,5.47,5.47,5.22
20191224,5.38,21309.18,5.32,5.39,5.24
20191225,5.32,26344.07,5.39,5.39,5.27
20191226,5.33,21928.43,5.32,5.35,5.24
20191227,5.23,26200.72,5.33,5.37,5.21
20191230,5.15,24923.0,5.21,5.21,5.09
20191231,5.39,53548.81,5.14,5.5,5.12
20200102,5.44,37941.59,5.38,5.46,5.32
20200103,5.38,28181.99,5.41,5.45,5.33
20200106,5.28,41204.76,5.35,5.43,5.26
20200107,5.36,31431.6,5.28,5.36,5.26
20200108,5.16,39740.61,5.32,5.34,5.15
20200109,5.22,29426.0,5.23,5.25,5.18
20200110,5.25,20045.11,5.22,5.27,5.19
20200113,5.22,26231.0,5.25,5.27,5.1
20200114,5.35,53436.02,5.24,5.37,5.19
20200115,5.23,28091.0,5.34,5.36,5.23
20200116,5.16,22750.0,5.22,5.27,5.13
20200117,5.2,22008.0,5.17,5.27,5.14
20200120,5.56,107648.71,5.39,5.57,5.29
20200121,5.85,141590.2,5.69,6.13,5.63
20200122,5.44,83742.52,6.07,6.07,5.29
20200123,5.5,72947.2,5.48,5.72,5.35
20200203,6.13,232188.62,5.5,6.13,5.5
20200204,6.43,234365.73,5.83,6.71,5.75
20200205,6.69,222269.0,6.28,6.83,6.13
20200206,6.52,237103.99,6.53,7.02,6.46
20200207,6.24,165351.25,6.53,6.69,6.02
20200210,5.89,106370.27,6.12,6.13,5.8
20200211,6.08,95884.93,5.89,6.09,5.76
20200212,5.98,69099.25,5.98,6.1,5.86
20200213,5.83,79196.26,5.9,6.02,5.7
20200214,5.88,51033.16,5.82,6.01,5.81
20200217,6.02,62730.75,5.88,6.08,5.85
20200218,6.04,76224.94,6.09,6.24,6.01
20200219,5.78,70578.48,6.0,6.0,5.78
20200220,5.81,55197.86,5.75,5.83,5.65
20200221,5.83,47224.88,5.8,5.89,5.76
20200224,5.97,57168.03,5.85,6.0,5.78
20200225,6.04,72867.46,5.84,6.05,5.7
20200226,5.8,44884.0,5.92,6.02,5.78
20200227,5.7,30125.0,5.8,5.85,5.68
20200228,5.53,37792.08,5.57,5.79,5.52
20200302,5.66,24467.07,5.59,5.72,5.59
20200303,5.72,31742.5,5.79,5.83,5.69
20200304,5.64,28958.0,5.73,5.74,5.54
20200305,5.7,29450.5,5.65,5.72,5.62
20200306,5.77,37793.07,5.73,5.87,5.68
20200309,5.85,47754.92,5.68,5.89,5.65
20200310,5.7,40248.5,5.76,5.84,5.45
20200311,5.57,27089.0,5.7,5.7,5.54
20200312,5.37,25802.07,5.5,5.6,5.34
20200313,5.08,31147.0,5.0,5.21,4.98
20200316,4.93,30137.5,5.12,5.28,4.9
20200317,4.74,28290.08,4.93,5.06,4.57
20200318,4.71,21403.08,4.81,4.94,4.66
20200319,4.74,18824.46,4.73,4.78,4.58
20200320,4.91,23560.0,4.79,4.93,4.77
20200323,4.84,19488.61,4.84,5.04,4.78
20200324,4.91,16004.23,4.93,4.98,4.74
20200325,5.02,21623.0,4.97,5.1,4.92
20200326,5.05,21691.0,5.0,5.16,4.97
20200327,4.92,17935.0,5.09,5.12,4.91
20200330,4.83,13120.5,4.8,4.94,4.76
20200331,4.9,11655.5,4.93,4.96,4.81
20200401,4.82,13231.5,4.86,4.93,4.82
20200402,4.96,13481.5,4.8,5.01,4.76
20200403,5.08,31267.19,4.93,5.17,4.89
20200407,5.38,47938.73,5.22,5.47,5.12
20200408,5.36,40916.37,5.33,5.45,5.29
20200409,5.53,48620.27,5.42,5.68,5.38
20200410,5.32,47747.73,5.45,5.64,5.31
20200413,5.42,28564.92,5.36,5.47,5.25
20200414,5.46,43507.0,5.46,5.51,5.23
20200415,5.57,47056.62,5.49,5.66,5.45
20200416,5.48,30298.0,5.6,5.6,5.37
20200417,5.33,32188.54,5.5,5.56,5.31
20200420,5.33,26190.0,5.32,5.42,5.24
20200421,5.37,27424.0,5.43,5.48,5.28
20200422,5.32,20488.01,5.27,5.36,5.24
20200423,5.33,25536.0,5.31,5.41,5.28
20200424,4.99,33970.0,5.29,5.33,4.97
20200427,4.96,17057.73,5.02,5.02,4.8
20200428,4.71,20773.0,4.96,4.96,4.52
20200429,4.6,13179.0,4.67,4.75,4.6
20200430,4.71,13533.0,4.66,4.78,4.6
20200506,4.78,11624.56,4.64,4.78,4.64
20200507,4.74,11896.08,4.79,4.8,4.73
20200508,4.79,8627.0,4.79,4.8,4.74
20200511,4.86,13407.62,4.79,4.9,4.79
20200512,4.82,10830.0,4.89,4.89,4.75
20200513,4.8,9597.0,4.83,4.83,4.75
20200514,4.76,10936.0,4.77,4.84,4.75
20200515,4.75,9665.0,4.79,4.83,4.75
20200518,4.63,16887.0,4.75,4.78,4.63
20200519,4.7,9250.5,4.71,4.72,4.63
20200520,4.7,10419.5,4.66,4.73,4.66
20200521,4.77,18565.5,4.7,4.85,4.7
20200522,4.83,41108.1,4.75,5.16,4.68
20200525,4.84,22784.0,4.75,4.87,4.74
20200526,4.9,22974.41,4.81,4.96,4.79
20200527,4.83,19111.02,4.95,4.95,4.81
20200528,4.78,14595.0,4.8,4.84,4.73
20200529,4.8,11171.0,4.78,4.83,4.78
20200601,4.88,17644.72,4.83,4.88,4.79
20200602,4.9,14759.62,4.87,4.95,4.86
20200603,4.91,21010.82,4.94,5.04,4.86
20200604,4.9,14333.5,4.91,4.93,4.87
20200605,4.87,13101.5,4.88,4.98,4.83
20200608,4.85,15002.88,4.87,4.92,4.84
20200609,4.88,16255.0,4.85,4.93,4.83
20200610,5.23,57578.61,4.88,5.44,4.83
20200611,5.48,116495.76,5.19,5.69,5.19
20200612,5.89,123793.59,5.33,6.08,5.33
20200615,5.82,98588.78,5.95,6.16,5.76
20200616,6.33,166668.67,5.91,6.4,5.84
20200617,7.05,232875.3,6.38,7.05,6.38
20200618,6.39,197792.92,7.05,7.05,6.26
20200619,6.24,95323.18,6.23,6.53,6.03
20200622,6.07,103042.97,6.12,6.43,5.96
20200623,6.23,83881.33,6.05,6.29,5.72
20200624,5.91,79320.33,6.14,6.33,5.82
20200629,5.93,38817.39,5.92,6.07,5.78
20200630,6.0,45762.0,5.94,6.08,5.87
20200701,5.93,66770.92,6.02,6.15,5.91
20200702,6.28,76458.0,5.99,6.37,5.86
20200703,6.33,73381.5,6.28,6.48,6.2
20200706,6.38,91749.5,6.28,6.42,6.13
20200707,6.42,72640.45,6.34,6.66,6.29
20200708,6.32,52725.48,6.37,6.47,6.26
20200709,6.75,88017.97,6.33,6.84,6.31
20200710,7.13,90187.63,6.75,7.35,6.64
20200713,7.48,79706.95,7.16,7.64,7.13
20200714,7.09,68471.5,7.62,7.62,7.01
20200715,7.82,147254.44,7.19,7.89,7.15
20200716,7.18,125879.35,7.58,7.69,7.13
20200717,7.79,125657.41,7.32,7.99,7.14
20200720,7.66,95039.0,7.84,8.07,7.56
20200721,7.61,52689.0,7.71,7.8,7.43
20200722,7.92,61267.67,7.63,8.2,7.51
20200723,7.99,59297.28,7.91,8.14,7.71
20200724,7.88,84697.38,7.89,8.58,7.81
20200727,8.01,78547.46,7.89,8.37,7.87
20200728,8.66,101216.84,8.17,8.86,8.07
20200729,8.89,83688.0,8.84,9.11,8.38
20200730,8.84,63975.0,8.98,9.09,8.73
20200731,8.93,57413.46,8.7,9.22,8.7
20200803,9.81,73755.5,9.22,9.88,9.01
20200804,9.66,56760.12,9.9,10.0,9.55
20200805,9.7,43654.3,9.67,9.9,9.49
20200806,9.62,40265.29,9.69,9.78,9.44
20200807,9.3,39528.0,9.62,9.7,9.19
20200810,9.28,36452.0,9.32,9.51,9.04
20200811,8.8,48569.0,9.28,9.36,8.73
20200812,8.64,47626.0,8.88,8.93,8.45
20200813,8.66,52828.0,8.77,9.28,8.62
20200814,8.72,33979.33,8.86,8.86,8.32
20200817,8.83,21197.0,8.79,8.95,8.58
20200818,8.97,30525.04,8.83,9.06,8.72
20200819,9.41,66216.87,8.84,9.89,8.84
20200820,8.92,32605.57,9.44,9.51,8.87
20200821,9.2,33033.0,8.99,9.4,8.92
20200824,9.5,48462.0,9.2,9.99,9.1
20200825,9.85,43306.93,9.61,9.91,9.55
20200826,9.46,42405.0,9.85,9.93,9.32
20200827,9.85,51036.19,9.72,10.0,9.48
20200828,10.62,57977.12,9.9,10.79,9.82
20200831,10.6,41865.0,10.63,10.74,10.4
20200901,10.89,35469.0,10.6,11.1,10.54
20200902,11.44,45112.0,11.1,11.5,10.67
20200903,11.46,52646.31,11.46,12.04,11.32
20200904,11.69,42500.0,11.08,11.81,11.04
20200907,11.51,31707.0,11.66,11.82,11.47
20200908,11.12,35242.0,11.73,11.73,11.03
20200909,10.41,54012.2,11.04,11.17,10.27
20200910,10.36,37779.17,10.6,10.72,10.2
20200911,10.41,18885.0,10.34,10.54,10.21
20200914,11.17,41732.07,10.53,11.42,10.38
20200915,11.66,27023.0,11.17,11.69,11.09
20200916,11.56,29986.0,11.69,11.79,11.43
20200917,11.49,23172.12,11.56,11.68,11.23
20200918,11.52,16740.0,11.43,11.63,11.35
20200921,11.46,14756.0,11.53,11.62,11.24
20200922,11.2,29993.28,11.46,11.6,11.19
20200923,11.1,23356.28,11.25,11.36,11.09
20200924,10.48,39916.0,11.19,11.21,10.44
20200925,10.14,38471.0,10.64,10.64,10.0
20200928,10.14,30968.27,10.18,10.56,9.55
20200929,10.07,23985.81,10.11,10.34,9.86
20200930,10.08,21610.0,10.36,10.36,9.85
20201009,10.13,20652.92,10.39,10.41,10.03
20201012,11.13,35910.0,10.15,11.2,10.15
20201013,11.13,34928.0,10.75,11.43,10.75
20201014,11.33,26450.0,11.14,11.75,11.13
20201015,11.19,15585.0,11.35,11.48,11.12
20201016,11.1,14635.0,11.33,11.33,10.92
20201019,10.95,13323.0,11.34,11.34,10.92
20201020,10.91,12656.0,10.94,11.06,10.7
20201021,10.75,15662.0,10.97,11.02,10.64
20201022,10.52,14537.0,10.74,10.81,10.35
20201023,10.21,11791.0,10.52,10.69,10.21
20201026,10.0,13818.55,10.3,10.3,9.9
20201027,10.71,34766.87,10.15,10.86,9.89
20201028,10.72,21837.92,10.65,10.92,10.48
20201029,10.58,20611.84,10.56,10.81,10.37
20201030,10.18,21973.84,10.63,10.73,10.17
20201102,9.73,46573.22,10.18,10.64,9.7
20201103,9.87,38134.0,9.83,10.28,9.72
20201104,9.67,25166.0,10.03,10.03,9.6
20201105,9.61,22148.0,9.6,9.9,9.44
20201106,9.55,30556.14,9.45,9.7,9.15
20201109,10.15,33381.65,9.56,10.25,9.47
20201110,10.09,27797.0,10.21,10.44,10.02
20201111,9.83,18508.5,10.11,10.2,9.78
20201112,9.9,15077.0,9.95,9.95,9.64
20201113,9.81,9597.0,9.95,9.99,9.75
20201116,9.88,18892.0,9.83,9.99,9.69
20201117,9.62,17103.41,9.92,9.98,9.59
20201118,9.38,21889.41,9.54,9.73,9.24
20201119,9.57,20106.0,9.43,9.66,9.2
20201120,10.46,51492.42,9.6,10.57,9.59
20201123,10.21,36719.0,10.36,10.53,10.2
20201124,10.38,39733.0,10.21,10.75,9.85
20201125,10.09,46727.92,10.51,10.51,10.02
20201126,9.72,37189.44,10.16,10.26,9.65
20201127,9.98,26050.24,9.85,10.22,9.51
20201130,10.33,39347.0,10.09,10.43,9.91
20201201,10.98,65458.86,10.37,11.37,10.33
20201202,11.2,46154.0,11.18,11.41,11.1
20201203,11.18,39203.95,11.17,11.37,10.89
20201204,11.36,31698.3,11.3,11.43,11.08
20201207,11.31,28943.5,11.42,11.57,11.27
20201208,10.92,38716.0,11.43,11.56,10.88
20201209,10.74,45371.27,11.07,11.08,10.66
20201210,11.14,47274.0,10.77,11.25,10.62
20201211,11.89,77231.84,11.13,12.41,11.13
20201214,12.94,76743.92,11.87,13.01,11.87
20201215,13.07,68682.0,13.04,13.41,12.8
20201216,13.11,38679.74,13.22,13.26,12.94
20201217,13.31,37973.84,13.06,13.51,13.02
20201218,13.02,37308.84,13.3,13.52,13.02
20201221,13.24,44168.0,13.24,13.34,12.97
20201222,13.29,43049.03,13.42,13.57,13.14
20201223,13.42,31898.85,13.37,13.53,13.16
20201224,13.29,28040.88,13.42,13.57,13.19
20201225,12.64,54380.99,13.29,13.29,12.36
20201228,12.71,37990.99,12.91,13.2,12.61
20201229,12.62,19311.0,12.71,13.04,12.57
20201230,12.63,27577.0,12.54,12.73,12.36
20201231,12.81,24089.0,12.62,12.84,12.4
20210104,12.32,36691.0,12.74,12.99,12.24
20210105,11.95,55151.33,12.17,12.42,11.65
20210106,11.83,34202.0,11.93,12.22,11.44
20210107,11.46,36041.0,11.79,12.07,11.38
20210108,11.57,52944.1,11.46,11.64,11.08
20210111,11.56,41713.66,11.66,11.69,11.11
20210112,11.79,37819.0,11.59,11.97,11.39
20210113,12.87,65187.95,11.75,13.01,11.64
20210114,12.64,38390.57,12.92,12.92,12.35
20210115,12.78,38252.33,12.45,12.91,12.15
20210118,13.36,39795.43,12.83,13.51,12.5
20210119,13.03,27275.0,13.27,13.42,12.9
20210120,13.08,18753.0,13.01,13.19,12.71
20210121,12.87,29746.77,12.96,13.31,12.48
20210122,13.84,50232.17,12.9,13.87,12.76
20210125,13.47,43891.0,13.88,14.08,13.27
20210126,13.1,25460.8,13.58,13.58,12.87
20210127,12.66,25483.0,13.05,13.1,12.66
20210128,12.56,24433.57,12.54,12.69,12.32
20210129,12.04,26120.0,12.6,12.75,11.89
20210201,12.21,21692.0,12.2,12.49,11.92
20210202,12.92,36376.75,12.22,13.12,12.11
20210203,13.35,50120.0,12.99,13.81,12.61
20210204,12.81,33686.95,13.33,13.33,12.65
20210205,12.2,24926.0,12.89,13.17,12.14
20210208,12.07,26854.92,12.19,12.37,11.89
20210209,11.86,27946.0,12.07,12.14,11.74
20210210,11.62,23320.0,11.9,12.03,11.38
20210218,11.96,20394.0,11.76,12.14,11.68
20210219,11.9,27076.0,11.8,12.05,11.69
20210222,12.9,45688.03,11.9,13.01,11.83
20210223,12.87,43249.0,12.66,13.44,12.35
20210224,12.37,26787.0,13.07,13.08,12.15
20210225,12.38,26611.89,12.35,12.82,12.12
20210226,11.79,23394.0,12.18,12.4,11.77
20210301,13.01,57978.9,11.96,13.03,11.96
20210302,13.23,56337.51,12.97,13.51,12.9
20210303,13.6,40415.0,13.25,13.83,13.18
20210304,13.28,40082.0,13.56,13.68,13.09
20210305,13.42,38397.39,13.28,13.81,13.11
20210308,12.88,38771.12,13.43,13.81,12.81
20210309,12.43,38993.97,13.1,13.19,12.42
20210310,12.56,37766.0,12.58,12.79,12.11
20210311,13.01,37047.76,12.7,13.42,12.47
20210312,12.99,17920.0,13.09,13.11,12.66
20210315,12.71,21496.0,13.0,13.24,12.68
20210316,13.07,36280.0,12.61,13.32,12.59
20210317,12.85,42003.0,12.89,13.07,12.5
20210318,12.03,46383.0,12.68,12.88,11.88
20210319,11.88,53333.22,11.87,12.14,11.41
20210322,11.96,23358.0,11.84,12.3,11.81
20210323,11.54,23261.5,11.86,12.01,11.48
20210324,11.06,27726.0,11.64,11.64,10.94
20210325,11.72,26594.0,11.37,11.97,11.25
20210326,11.93,21757.0,11.79,12.17,11.55
20210329,12.15,21691.0,11.93,12.21,11.84
20210330,12.85,36115.0,12.26,12.99,12.26
20210331,12.76,22615.7,12.96,13.16,12.72
20210401,13.54,50936.92,12.75,13.62,12.67
20210402,13.46,33398.0,13.55,13.67,13.32
20210406,13.57,26419.84,13.5,13.61,13.32
20210407,13.81,35987.81,13.83,14.01,13.63
20210408,14.25,39143.19,13.81,14.41,13.68
20210409,14.25,23131.14,14.2,14.44,14.02
20210412,13.86,29209.31,14.33,14.37,13.73
20210413,13.56,25935.0,13.87,14.04,13.5
20210414,13.55,21224.5,13.57,13.72,13.36
20210415,13.24,21619.8,13.64,13.64,13.12
20210416,13.75,24383.47,13.32,13.85,13.32
20210419,13.41,28872.46,13.84,13.86,13.32
20210420,13.36,17115.68,13.56,13.62,13.35
20210421,13.35,17208.0,13.24,13.59,13.21
20210422,13.2,18872.19,13.42,13.63,13.07
20210423,14.44,52955.53,13.25,14.84,13.24
20210426,14.56,60654.31,14.8,15.64,14.48
20210427,14.73,34905.22,14.61,14.76,14.13
20210428,14.63,26615.92,14.51,14.95,14.51
20210429,14.33,71128.92,14.75,15.82,14.26
20210430,15.49,61313.92,14.28,15.51,14.28
20210506,15.1,36092.0,15.31,15.45,14.98
20210507,13.71,72524.29,15.35,15.46,13.58
20210510,13.87,36128.0,13.94,14.16,13.46
20210511,13.9,21991.89,13.77,14.09,13.59
20210512,14.42,21719.0,13.93,14.49,13.78
20210513,14.46,20117.0,14.26,14.79,14.17
20210514,14.67,27771.11,14.64,14.88,14.09
20210517,14.7,18619.0,14.79,14.93,14.52
20210518,14.94,19700.92,14.79,15.1,14.57
20210519,14.55,14435.0,14.97,15.02,14.48
20210520,14.87,16623.0,14.46,14.91,14.29
20210521,14.41,19991.0,14.78,15.06,14.32
20210524,13.97,29728.0,14.41,14.59,13.83
20210525,14.56,33758.0,13.82,14.65,13.8
20210526,14.61,18063.0,14.64,14.77,14.33
20210527,14.57,21388.73,14.72,14.72,14.31
20210528,14.3,22110.65,14.33,14.62,13.96
20210531,14.24,18193.75,14.48,14.55,14.2
20210601,14.3,27894.73,14.37,14.8,14.15
20210602,14.17,22249.84,14.44,14.66,14.06
20210603,13.89,22059.3,14.08,14.17,13.81
20210604,13.99,15505.16,13.89,14.05,13.75
20210607,14.87,38523.39,14.17,14.89,13.75
20210608,15.99,60088.38,14.63,16.09,14.63
20210609,16.4,56299.17,15.98,16.66,15.85
20210610,16.43,39518.5,16.33,16.78,16.01
20210611,15.98,30180.0,16.51,16.51,15.93
20210615,15.74,29038.0,16.07,16.1,15.54
20210616,15.18,23478.18,15.82,15.93,15.11
20210617,15.33,24323.58,15.31,15.56,15.13
20210618,15.69,26782.5,15.31,15.92,15.13
20210621,17.01,42975.0,15.74,17.01,15.74
20210622,17.82,40477.75,17.01,17.89,16.78
20210623,17.62,31563.75,17.78,17.99,17.27
20210624,17.6,25952.0,17.84,18.35,17.55
20210625,17.73,18001.0,17.64,17.86,17.3
20210628,17.87,22518.17,17.89,18.34,17.73
20210629,18.57,31578.83,18.04,18.77,17.76
20210630,18.57,41406.38,18.56,19.52,18.06
20210701,19.15,50739.72,18.5,19.69,18.35
20210702,18.71,23879.84,19.39,19.39,18.58
20210705,19.76,41632.31,18.76,20.18,18.72
20210706,19.43,57721.39,19.88,19.88,18.66
20210707,20.22,31726.32,19.06,20.44,18.81
20210708,20.23,21760.15,20.16,20.63,19.98
20210709,20.26,18781.42,20.31,20.51,19.89
20210712,20.22,18026.0,20.07,20.64,19.98
20210713,21.43,38006.8,19.88,21.52,19.88
20210714,21.09,23743.04,21.33,21.59,20.74
20210715,21.11,18795.55,21.05,21.35,20.49
20210716,21.54,25628.01,21.04,21.96,20.89
20210719,17.06,107937.28,19.98,20.08,17.06
20210720,15.55,185621.59,16.0,16.98,13.88
20210721,14.69,151658.04,14.86,15.13,14.41
20210722,15.05,114109.73,14.5,15.8,14.5
20210723,14.35,99113.7,14.98,15.38,14.06
20210726,12.82,107047.99,13.96,14.2,12.73
20210727,12.6,75273.13,13.03,13.22,12.6
20210728,12.21,55838.35,12.59,12.87,11.91
20210729,12.32,46018.0,12.21,12.61,12.08
20210730,13.09,81232.34,12.31,13.79,11.76
20210802,12.86,59686.25,12.84,13.24,12.48
20210803,13.01,43782.69,12.9,13.37,12.73
20210804,12.78,37132.93,12.99,13.29,12.68
20210805,12.78,32024.57,12.67,13.09,12.63
20210806,13.06,41356.85,12.73,13.14,12.71
20210809,14.38,92682.42,13.25,14.47,13.25
20210810,13.85,74235.54,14.4,14.41,13.55
20210811,14.59,120230.79,14.72,15.98,14.21
20210812,14.17,63182.1,14.23,14.51,13.98
20210813,14.23,45405.14,14.01,14.47,13.78
20210816,14.43,49686.21,14.31,14.74,13.89
20210817,14.2,50190.76,14.28,14.59,14.03
20210818,14.11,32276.51,14.06,14.57,13.94
20210819,13.87,31201.68,14.19,14.19,13.69
20210820,13.55,45358.42,13.91,13.92,13.1
20210823,14.04,48923.79,13.64,14.29,13.29
20210824,13.89,26884.7,14.08,14.26,13.8
20210825,13.65,33176.31,13.89,13.94,13.49
20210826,13.24,43896.25,13.69,13.9,13.24
20210827,13.07,38535.22,13.33,13.33,12.88
20210830,13.04,37336.59,13.04,13.36,12.65
20210831,12.93,27409.97,13.07,13.38,12.91
20210901,12.92,30343.83,12.96,13.08,12.6
20210902,12.58,37629.35,12.88,13.02,12.48
20210903,12.63,21856.52,12.64,12.84,12.58
20210906,13.02,29115.46,12.71,13.13,12.56
20210907,13.35,41776.41,13.02,13.95,12.93
20210908,12.99,29801.9,13.35,13.35,12.93
20210909,12.98,25147.91,12.89,13.22,12.76
20210910,13.14,24111.09,12.98,13.17,12.71
20210913,12.86,16669.9,13.12,13.12,12.81
20210914,12.84,18545.92,12.81,13.06,12.69
20210915,13.27,41947.89,12.84,13.44,12.59
20210916,13.28,41451.63,13.39,13.76,13.25
20210917,13.31,24456.0,13.37,13.57,13.11
20210922,13.33,18901.63,13.38,13.5,13.04
20210923,13.69,42211.46,13.27,14.03,13.26
20210924,13.44,20369.05,13.59,13.79,13.44
20210927,13.13,22936.39,13.34,13.76,12.97
20210928,12.06,41674.89,13.17,13.36,12.06
20210929,11.19,56309.79,12.07,12.41,11.12
20210930,12.15,43755.25,11.26,12.35,11.26
20211008,12.06,39486.65,12.01,12.39,11.61
20211011,12.23,31290.0,12.07,12.71,12.07
20211012,12.32,29085.79,12.24,12.66,12.1
20211013,12.74,21740.95,12.48,12.82,12.15
20211014,12.53,16096.6,12.69,12.81,12.38
20211015,12.8,16008.0,12.48,12.91,12.41
20211018,12.22,27223.0,12.8,12.8,12.09
20211019,12.42,18580.87,12.22,12.62,11.98
20211020,12.18,19933.31,12.51,12.6,12.06
20211021,12.11,19618.94,12.18,12.43,12.06
20211022,12.1,16128.55,12.07,12.35,12.03
20211025,11.97,12883.71,12.06,12.22,11.82
20211026,12.12,30912.39,12.08,12.47,11.81
20211027,11.43,31400.99,12.03,12.11,11.34
20211028,10.79,41985.02,11.56,11.56,10.67
20211029,11.04,26659.0,10.77,11.07,10.72
20211101,10.93,28618.0,11.04,11.13,10.74
20211102,10.73,28159.3,10.93,11.09,10.57
20211103,10.56,28933.56,10.79,10.84,10.46
20211104,10.56,28334.4,10.5,10.86,10.47
20211105,10.52,28280.92,10.56,10.77,10.31
20211108,10.24,21892.32,10.55,10.59,10.14
20211109,10.68,31590.96,10.39,10.72,10.03
20211110,10.92,61630.66,11.01,11.48,10.5
20211111,10.88,37208.0,10.64,11.14,10.64
20211112,11.39,55592.84,11.15,11.52,11.01
20211115,11.26,37207.0,11.27,11.43,11.05
20211116,11.25,33199.91,11.32,11.56,11.25
20211117,11.5,34001.07,11.41,11.75,11.37
20211118,11.43,30677.57,11.35,11.71,11.33
20211119,11.67,33228.64,11.42,11.76,11.35
20211122,12.41,76577.82,11.55,12.68,11.55
20211123,13.51,82002.33,12.53,13.7,12.28
20211124,13.63,70886.19,13.34,14.15,13.27
20211125,13.74,65440.48,14.3,14.33,13.29
20211126,13.64,41592.66,13.9,13.9,13.37
20211129,13.36,45441.36,13.51,13.75,13.12
20211130,13.43,34141.85,13.55,13.56,13.03
20211201,13.17,21793.81,13.29,13.49,13.09
20211202,13.06,23230.0,13.09,13.32,13.0
20211203,13.01,23039.0,13.05,13.33,12.88
20211206,13.14,37412.26,13.09,13.75,13.04
20211207,12.56,29285.7,13.21,13.29,12.46
20211208,12.59,15178.18,12.69,12.69,12.42
20211209,12.71,18835.0,12.58,13.02,12.49
20211210,13.52,74400.42,12.77,14.44,12.71
20211213,14.73,98282.57,13.28,14.87,13.27
20211214,14.85,63521.24,14.95,15.02,14.32
20211215,14.48,32748.0,14.65,14.94,14.43
20211216,15.38,54490.73,14.48,15.65,14.48
20211217,15.11,44806.82,15.47,15.5,14.77
20211220,15.37,48224.77,15.11,15.98,14.92
20211221,16.2,87271.94,16.18,16.75,15.71
20211222,16.28,37138.48,15.89,16.5,15.75
20211223,15.93,31095.33,16.1,16.35,15.83
20211224,15.49,26587.0,15.77,16.15,15.43
20211227,15.86,33536.0,15.64,16.17,15.49
20211228,15.97,36458.0,16.24,16.24,15.22
20211229,14.71,52838.15,15.57,15.72,14.62
20211230,15.04,38192.05,14.73,15.23,14.56
20211231,17.09,102728.54,15.08,17.29,15.08
20220104,16.5,81462.0,16.77,17.36,16.14
20220105,16.0,57375.1,16.55,16.55,15.39
20220106,16.25,56995.54,16.0,16.49,15.64
20220107,15.79,69904.46,16.25,16.94,15.66
20220110,16.34,57774.81,15.74,16.87,15.5
20220111,16.76,47998.0,16.28,16.9,15.93
20220112,16.83,40041.0,16.74,17.57,16.66
20220113,16.25,27030.0,16.8,16.89,16.16
20220114,16.65,22832.46,16.14,16.69,16.14
20220117,17.25,37456.04,16.34,17.37,16.34
20220118,16.57,26629.12,17.18,17.18,16.52
20220119,15.82,79073.0,16.51,16.71,15.19
20220120,15.29,31294.0,15.84,16.16,15.14
20220121,14.41,67295.39,15.32,15.37,13.98
20220124,14.24,25025.11,14.22,14.51,13.85
20220125,13.17,42046.0,14.08,14.31,13.12
20220126,12.93,24294.0,13.25,13.51,12.93
20220127,12.88,22536.92,13.14,13.63,12.83
20220128,12.96,24925.0,13.0,13.23,12.73
20220207,12.93,28109.0,13.16,13.47,12.77
20220208,13.18,22956.0,12.93,13.46,12.87
20220209,14.0,38702.0,13.19,14.18,13.19
20220210,13.85,31812.99,13.98,14.47,13.63
20220211,12.88,33290.5,13.85,13.96,12.82
20220214,13.03,29308.3,12.82,13.26,12.71
20220215,13.32,20933.87,13.03,13.42,12.76
20220216,13.14,17494.73,13.32,13.69,13.05
20220217,13.11,12790.64,13.15,13.23,12.88
20220218,13.55,23972.73,13.17,13.59,12.85
20220221,13.7,19648.74,13.4,13.89,13.37
20220222,13.36,15051.35,13.49,13.69,13.1
20220223,13.54,15478.0,13.35,13.63,13.29
20220224,13.28,38371.5,13.47,14.1,12.99
20220225,13.64,27867.37,13.34,13.89,13.32
20220228,13.67,19777.0,13.62,13.78,13.09
20220301,13.55,17639.0,13.72,13.72,13.29
20220302,13.55,15567.53,13.54,13.61,13.19
20220303,13.26,17069.0,13.68,13.69,13.09
20220304,12.98,19494.07,13.15,13.48,12.96
20220307,12.5,27416.58,13.03,13.12,12.42
20220308,11.37,76315.9,12.76,12.81,11.26
20220309,11.1,57755.67,11.89,11.9,10.64
20220310,12.01,42676.88,11.41,12.1,11.41
20220311,13.44,121911.09,12.17,14.05,12.04
20220314,12.42,59927.99,13.64,13.65,12.42
20220315,11.83,46633.83,12.42,12.78,11.82
20220316,12.22,42434.27,11.92,12.3,11.3
20220317,12.52,40147.22,12.37,12.96,12.07
20220318,12.28,22885.67,12.51,12.66,12.11
20220321,12.4,25593.79,12.4,12.75,12.08
20220322,12.19,21505.92,12.26,12.47,11.97
20220323,12.12,24129.72,12.21,12.39,11.94
20220324,12.02,20048.22,11.93,12.16,11.82
20220325,12.17,35552.98,12.14,12.52,12.08
20220328,11.97,27886.0,12.36,12.37,11.61
20220329,11.85,17332.19,11.92,12.14,11.63
20220330,11.94,20604.57,11.93,12.04,11.61
20220331,12.18,29088.73,12.07,12.62,11.79
20220401,11.85,19919.0,12.02,12.06,11.75
20220406,12.24,24538.0,11.9,12.32,11.9
20220407,11.9,14305.0,12.07,12.26,11.84
20220408,11.48,41279.0,11.97,11.98,10.99
20220411,11.34,27083.0,11.34,11.54,10.97
20220412,11.14,13925.0,11.14,11.25,10.95
20220413,10.65,15219.0,10.99,11.19,10.63
20220414,10.92,18450.0,10.66,11.12,10.59
20220415,10.59,21905.0,10.92,10.96,10.35
20220418,10.61,12990.0,10.42,10.69,10.42
20220419,10.43,10022.0,10.48,10.72,10.36
20220420,11.18,31369.0,10.41,11.39,10.33
20220421,10.71,22243.0,11.04,11.46,10.67
20220422,10.0,26690.0,10.49,10.62,9.88
20220425,8.78,31399.0,9.71,9.87,8.78
20220426,9.22,32792.0,8.86,9.54,8.73
20220427,9.4,36529.0,9.22,9.47,8.54
20220428,8.92,33539.0,9.62,9.65,8.78
20220429,9.59,30917.0,8.9,9.71,8.9
20220505,9.64,28293.0,9.5,9.94,9.37
20220506,10.1,31069.0,9.36,10.13,9.31
20220509,11.02,50840.0,9.99,11.21,9.99
20220510,11.32,43001.0,11.03,11.85,10.84
20220511,10.94,39342.0,11.07,11.47,10.89
20220512,11.22,28132.0,10.75,11.39,10.75
20220513,11.22,17625.0,11.37,11.48,11.1
20220516,11.12,32664.0,11.3,11.76,10.99
20220517,10.88,16246.0,11.06,11.11,10.78
20220518,10.82,12054.0,10.98,11.07,10.8
20220519,10.9,14838.0,10.64,11.15,10.55
20220520,11.11,18838.0,11.1,11.48,10.94
20220523,11.37,14919.0,11.16,11.43,11.07
20220524,10.61,19742.0,11.25,11.39,10.6
20220525,11.09,20162.0,10.57,11.1,10.41
20220526,11.25,27144.0,11.34,11.59,10.74
20220527,10.86,34340.0,10.99,11.31,10.75
20220530,10.8,22275.0,10.86,11.06,10.59
20220531,10.97,29367.0,10.92,10.97,10.73
20220601,11.65,64577.0,11.13,12.15,10.99
20220602,11.78,43725.0,12.0,12.0,11.31
20220606,12.37,51580.0,11.84,12.58,11.64
20220607,12.36,28093.0,12.61,12.62,12.19
20220608,12.79,55144.0,12.36,12.94,12.15
20220609,12.27,30039.0,12.8,12.81,12.21
20220610,12.24,20979.0,12.27,12.48,12.13
20220613,12.37,22365.0,12.17,12.38,12.09
20220614,12.44,30936.0,12.16,12.46,12.03
20220615,12.17,22123.0,12.44,12.74,12.16
20220616,12.61,52973.0,12.36,12.86,12.24
20220617,12.63,31326.0,12.51,12.78,12.38
20220620,12.99,32311.0,12.63,13.07,12.55
20220621,13.21,29963.0,12.94,13.44,12.81
20220622,14.0,86768.0,13.78,14.41,13.23
20220623,14.49,64831.0,13.72,14.49,13.65
20220624,14.3,71899.0,14.49,14.94,14.24
20220627,14.29,47164.0,14.56,14.56,13.94
20220628,14.79,46601.0,14.29,14.94,14.16
20220629,14.84,34586.0,14.83,15.01,14.54
20220630,14.88,37209.0,14.81,15.01,14.66
20220701,14.73,29541.0,14.89,15.06,14.47
20220704,14.66,33429.0,14.73,14.86,14.51
20220705,14.58,28772.0,14.71,14.9,14.34
20220706,14.4,29038.0,14.5,14.75,14.16
20220707,14.21,29035.0,14.52,14.54,13.98
20220708,14.41,46954.0,14.21,15.14,14.04
20220711,14.77,26049.0,14.41,14.93,14.33
20220712,14.4,27978.0,14.74,14.74,14.22
20220713,13.98,33281.0,14.5,14.58,13.72
20220714,13.78,30115.0,14.02,14.13,13.64
20220715,13.74,33353.0,13.78,14.26,13.5
20220718,13.71,28752.0,13.69,14.28,13.59
20220719,13.59,33710.0,13.71,14.06,13.44
20220720,13.5,35873.0,13.59,13.71,13.29
20220721,13.43,36392.0,13.49,13.6,13.14
20220722,13.12,28605.0,13.43,13.52,12.95
20220725,13.32,22797.0,13.29,13.45,13.09
20220726,13.31,40668.0,13.34,13.46,13.01
20220727,13.66,36806.0,13.56,13.83,13.12
20220728,14.22,48544.0,13.66,14.61,13.59
20220729,14.22,35808.0,14.37,14.65,14.01
20220801,15.36,102642.0,14.92,15.47,14.19
20220802,14.76,68691.0,15.26,15.36,14.5
20220803,15.17,66308.0,15.21,15.72,14.44
20220804,14.55,45245.0,15.31,15.44,14.41
20220805,14.8,28633.0,14.6,15.04,14.51
20220808,16.0,73602.0,14.94,16.23,14.94
20220809,16.15,48211.0,15.76,16.29,15.76
20220810,15.86,41655.0,16.24,16.36,15.78
20220811,15.96,26271.0,15.97,16.11,15.76
20220812,15.39,50930.0,15.93,16.14,15.23
20220815,15.5,32857.0,15.4,16.06,15.18
20220816,15.28,26342.0,15.5,15.69,15.05
20220817,15.01,34447.0,15.58,15.58,14.88
20220818,15.49,30630.0,15.08,15.69,15.01
20220819,13.36,213543.0,15.47,15.81,12.79
20220822,13.4,93202.0,13.35,13.84,13.11
20220823,12.87,76709.0,13.3,13.55,12.76
20220824,12.22,58629.0,12.88,12.89,12.06
20220825,12.02,43981.0,12.34,12.36,11.87
20220826,12.02,45131.0,12.11,12.64,11.96
20220829,12.01,36225.0,11.94,12.19,11.76
20220830,13.07,107336.0,12.15,13.12,11.86
20220831,12.85,83992.0,12.99,13.27,12.75
20220901,12.64,37671.0,12.9,12.99,12.58
20220902,12.72,21046.0,12.72,12.86,12.51
20220905,12.72,22584.0,12.75,12.93,12.59
20220906,12.83,39762.0,12.76,13.08,12.66
20220907,12.73,17998.0,12.71,12.97,12.6
20220908,12.29,27197.0,12.86,12.86,12.24
20220909,12.42,18994.0,12.26,12.55,12.1
20220913,12.39,13975.0,12.47,12.58,12.29
20220914,12.13,28346.0,12.26,12.26,11.96
20220915,12.01,37636.0,12.22,12.45,11.95
20220916,11.67,28745.0,12.25,12.25,11.57
20220919,11.69,17774.0,11.67,11.81,11.44
20220920,12.44,32640.0,11.69,12.53,11.69
20220921,12.05,21772.0,12.44,12.44,12.02
20220922,12.12,18198.0,11.89,12.21,11.83
20220923,11.79,37102.0,12.34,12.34,11.56
20220926,11.87,22748.0,11.81,12.21,11.6
20220927,12.58,39270.0,12.06,12.65,11.8
20220928,12.56,39870.0,12.58,12.96,12.44
20220929,13.72,89105.0,12.76,13.86,12.65
20220930,14.01,68454.0,13.76,14.44,13.44
20221010,13.92,57536.0,14.08,14.54,13.79
20221011,14.51,52331.0,13.99,14.65,13.79
20221012,14.82,48545.0,14.48,15.01,14.22
20221013,15.01,40445.0,14.82,15.11,14.69
20221014,16.37,123394.0,14.65,16.61,14.59
20221017,16.79,79585.0,16.36,17.06,16.06
20221018,17.55,82698.0,16.78,18.1,16.36
20221019,18.74,171113.0,17.58,18.79,17.16
20221020,17.97,113380.0,18.31,19.05,17.79
20221021,18.44,77778.0,17.76,19.11,17.59
20221024,18.5,85445.0,18.44,19.01,18.06
20221025,18.11,77495.0,18.72,18.77,17.6
20221026,18.64,57816.0,18.31,18.97,18.23
20221027,18.83,70679.0,18.52,19.24,17.94
20221028,18.58,67398.0,19.58,19.64,18.22
20221031,18.51,49212.0,18.59,18.94,18.24
20221101,18.04,102283.0,18.67,18.86,17.46
20221102,18.01,87877.0,17.53,18.48,17.16
20221103,18.69,90080.0,17.74,18.91,17.65
20221104,19.14,78318.0,18.54,19.48,18.54
20221107,19.22,40933.0,19.44,19.44,18.59
20221108,18.96,43461.0,19.04,19.41,18.85
20221109,18.86,35818.0,19.08,19.41,18.74
20221110,18.44,34062.0,18.49,18.94,18.29
20221111,17.99,45886.0,18.37,18.91,17.94
20221114,18.15,37862.0,17.83,18.59,17.79
20221115,18.0,53501.0,18.15,18.38,17.56
20221116,17.94,33005.0,17.84,18.11,17.58
20221117,18.58,66135.0,17.74,19.21,17.74
20221118,18.29,39493.0,18.65,18.85,18.12
20221121,18.41,38368.0,18.15,18.63,18.03
20221122,17.84,43820.0,18.42,18.79,17.78
20221123,17.39,47996.0,17.6,18.04,17.05
20221124,17.72,28483.0,17.53,17.99,17.15
20221125,16.97,47376.0,17.84,17.84,16.92
20221128,16.84,33492.0,17.11,17.47,16.65
20221129,17.11,30132.0,16.84,17.33,16.74
20221130,16.81,22233.0,17.49,17.49,16.65
20221201,16.94,23488.0,16.86,17.12,16.51
20221202,16.78,36501.0,16.79,17.06,16.59
20221205,16.74,32697.0,16.86,17.16,16.55
20221206,16.42,20571.0,16.94,16.94,16.38
20221207,17.3,71143.0,16.27,17.58,16.21
20221208,16.71,88585.0,17.32,17.72,16.44
20221209,16.9,45710.0,16.65,16.93,16.24
20221212,17.49,71469.0,16.96,17.71,16.69
20221213,16.88,84712.0,17.34,18.21,16.64
20221214,16.21,60501.0,17.01,17.21,16.08
20221215,17.03,64382.0,16.08,17.22,16.08
20221216,18.71,207355.0,17.08,19.41,17.06
20221219,16.14,218672.0,19.59,19.59,16.1
20221220,15.55,110193.0,15.72,16.75,15.33
20221221,15.34,71097.0,15.34,16.09,15.24
20221222,14.84,57567.0,15.49,15.66,14.81
20221223,14.8,36822.0,14.84,15.09,14.69
20221226,14.97,49294.0,14.89,15.11,14.52
20221227,15.19,72379.0,15.0,15.36,14.07
20221228,15.56,46377.0,15.16,15.71,15.02
20221229,16.15,40526.0,15.53,16.23,15.43
20221230,16.65,50130.0,16.01,16.89,16.01
20230103,16.47,36835.0,16.92,16.99,16.47
20230104,16.19,41520.0,16.24,16.75,16.14
20230105,16.4,32460.0,16.32,16.61,15.89
20230106,16.15,26613.0,16.41,16.64,16.11
20230109,16.34,38841.0,16.31,16.63,16.16
20230110,17.56,78215.0,16.51,17.98,16.21
20230111,17.29,30321.0,17.59,17.84,17.23
20230112,17.12,23542.0,17.46,17.58,17.08
20230113,17.43,23021.0,17.04,17.63,16.97
20230116,17.91,84358.0,17.65,18.54,17.26
20230117,18.9,82379.0,18.19,19.05,17.84
20230118,18.86,47113.0,18.97,19.15,18.58
20230119,18.75,23996.0,18.72,19.01,18.52
20230120,18.73,28056.0,18.76,19.01,18.64
20230130,18.52,56925.0,18.76,18.91,17.96
20230131,18.45,19229.0,18.38,18.63,18.3
20230201,19.14,45841.0,18.28,19.46,18.28
20230202,18.84,51330.0,19.13,19.85,18.71
20230203,19.06,20807.0,18.8,19.25,18.74
20230206,19.34,30887.0,18.94,19.51,18.81
20230207,19.32,27497.0,19.21,19.81,19.21
20230208,19.24,19704.0,19.45,19.76,19.07
20230209,18.89,16945.0,19.22,19.36,18.85
20230210,18.82,21120.0,18.89,19.14,18.58
20230213,19.22,31641.0,18.94,19.27,18.59
20230214,19.45,18570.0,19.28,19.54,19.07
20230215,19.11,18567.0,19.44,19.61,18.96
20230216,18.94,13565.0,18.93,19.34,18.76
20230217,19.2,23135.0,19.05,19.51,18.75
20230220,19.28,26530.0,19.21,19.35,18.58
20230221,20.1,53041.0,19.39,20.14,18.95
20230222,19.49,36751.0,20.08,20.08,19.41
20230223,19.2,19616.0,19.47,19.79,19.05
20230224,19.09,16658.0,19.19,19.7,19.06
20230227,19.71,36279.0,19.24,19.84,19.14
20230228,19.91,23254.0,19.84,20.19,19.54
20230301,19.35,24952.0,20.11,20.11,19.28
20230302,19.44,17769.0,19.29,19.65,19.16
20230303,19.86,61443.0,19.44,20.13,18.61
20230306,20.97,115016.0,19.76,21.21,19.51
20230307,20.39,51322.0,21.43,21.47,20.2
20230308,19.7,32116.0,20.39,20.44,19.64
20230309,20.08,22058.0,19.7,20.51,19.64
20230310,19.91,20530.0,19.89,20.13,19.58
20230313,19.98,19232.0,19.77,20.11,19.64
20230314,19.65,15819.0,20.08,20.28,19.44
20230315,19.19,25417.0,19.8,19.85,19.05
20230316,19.21,24041.0,19.04,19.83,19.01
20230317,18.93,16392.0,19.27,19.52,18.85
20230320,18.56,31935.0,18.94,18.95,18.49
20230321,18.65,28112.0,18.66,19.06,18.51
20230322,18.42,21502.0,18.61,19.01,18.09
20230323,18.08,36862.0,18.36,18.47,17.79
20230324,17.96,40498.0,18.01,18.43,17.76
20230327,18.06,36352.0,18.0,18.15,17.62
20230328,18.79,41137.0,18.14,19.11,17.96
20230329,18.66,20821.0,18.6,18.86,18.4
20230330,18.94,26430.0,18.84,19.18,18.36
20230331,19.52,39201.0,18.95,20.08,18.94
20230403,19.27,30095.0,19.83,19.83,18.87
20230404,19.42,26984.0,19.01,19.5,18.79
20230406,18.97,17595.0,19.42,19.52,18.9
20230407,18.59,28186.0,19.06,19.18,18.47
20230410,18.69,31666.0,18.35,18.79,18.18
20230411,18.31,30643.0,18.6,19.0,17.97
20230412,18.04,27690.0,18.38,18.49,17.86
20230413,18.34,21549.0,18.01,18.64,17.88
20230414,17.83,48034.0,18.16,18.28,17.53
20230417,18.53,46186.0,17.7,18.8,17.64
20230418,18.21,26430.0,18.69,18.81,18.03
20230419,17.99,21006.0,18.32,18.49,17.83
20230420,17.76,42531.0,17.65,17.99,17.15
20230421,17.57,16718.0,17.75,18.21,17.51
20230424,17.44,23610.0,17.67,17.67,17.17
20230425,17.28,19325.0,17.56,17.56,16.98
20230426,17.36,25291.0,17.25,17.91,17.14
20230427,18.69,81681.0,17.51,19.29,17.51
20230428,18.02,59918.0,18.51,18.83,17.78
20230504,18.26,35183.0,17.87,18.56,17.77
20230505,17.06,56186.0,18.29,18.41,16.9
20230508,17.54,31069.0,17.2,17.65,17.08
20230509,17.15,18268.0,17.54,17.72,17.06
20230510,17.24,23218.0,16.94,17.29,16.73
20230511,17.03,13976.0,17.2,17.43,17.0
20230512,17.27,33093.0,17.12,17.93,17.04
20230515,18.16,48837.0,17.71,18.41,17.38
20230516,18.53,48934.0,18.13,18.82,17.98
20230517,18.52,25680.0,18.4,18.72,18.28
20230518,18.14,13364.0,18.43,18.73,18.06
20230519,18.53,18114.0,18.05,18.72,17.89
20230522,18.8,18780.0,18.45,19.03,18.44
20230523,18.99,24917.0,18.75,19.35,18.75
20230524,18.79,13959.0,19.16,19.2,18.45
20230525,18.63,10261.0,18.4,18.79,18.4
20230526,19.2,26177.0,18.53,19.35,18.53
20230529,20.2,51424.0,19.23,20.32,19.12
20230530,20.07,46273.0,20.18,20.55,19.61
20230531,20.26,34489.0,20.16,20.69,20.06
20230601,19.89,24772.0,20.25,20.54,19.84
20230602,20.11,24588.0,19.83,20.28,19.68
20230605,19.89,10949.0,20.13,20.44,19.68
20230606,19.71,19735.0,19.9,20.27,19.61
20230607,20.16,30558.0,19.72,20.32,19.53
20230608,19.83,39852.0,19.95,20.1,19.53
20230609,19.46,27996.0,19.98,20.0,19.39
20230612,19.32,33725.0,19.46,19.56,18.93
20230613,18.96,35612.0,19.3,19.37,18.75
20230614,18.68,30828.0,19.11,19.16,18.57
20230615,18.46,27919.0,18.69,18.9,18.31
20230616,18.48,19346.0,18.46,18.66,18.2
20230619,18.74,23387.0,18.49,18.95,18.39
20230620,18.22,44869.0,18.71,18.91,18.18
20230621,18.09,27128.0,18.36,18.43,18.03
20230626,17.69,23026.0,18.18,18.33,17.57
20230627,18.49,64233.0,17.88,18.93,17.82
20230628,19.33,51396.0,18.65,19.49,18.58
20230629,17.9,109634.0,19.32,19.37,17.47
20230630,18.34,77743.0,18.23,18.95,18.0
20230703,18.45,37351.0,18.23,18.93,17.76
20230704,18.14,45456.0,18.3,18.48,17.85
20230705,18.08,22593.0,17.98,18.18,17.79
20230706,17.8,16768.0,18.07,18.07,17.76
20230707,17.79,16063.0,17.69,17.88,17.58
20230710,17.8,13660.0,17.7,17.88,17.59
20230711,17.78,15733.0,17.85,17.89,17.5
20230712,17.4,17546.0,17.78,17.8,17.29
20230713,17.36,13796.0,17.49,17.55,17.28
20230714,17.26,25063.0,17.45,17.45,17.0
20230717,17.13,13013.0,17.26,17.3,17.02
20230718,16.86,18159.0,17.17,17.18,16.82
20230719,17.08,24024.0,16.95,17.12,16.62
20230720,17.33,33876.0,17.07,17.53,16.98
20230721,17.27,15298.0,17.33,17.58,17.13
20230724,17.7,30112.0,17.25,17.88,17.18
20230725,17.52,23334.0,17.88,17.88,17.2
20230726,17.46,11372.0,17.42,17.62,17.25
20230727,17.23,8036.0,17.46,17.54,17.2
20230728,17.68,23690.0,17.15,17.82,17.1
20230731,15.83,154473.0,17.77,17.89,14.98
20230801,15.09,84079.0,15.42,15.46,14.78
20230802,14.79,73593.0,14.96,15.2,14.68
20230803,14.85,40274.0,14.71,14.93,14.68
20230804,14.76,43752.0,14.82,14.94,14.6
20230807,14.6,196502.0,14.48,14.82,12.89
20230808,14.04,85599.0,14.39,14.39,14.03
20230809,14.2,61190.0,14.03,14.35,13.88
20230810,14.18,32303.0,14.18,14.27,14.03
20230811,14.08,47818.0,14.13,14.47,14.03
20230814,14.53,50835.0,13.96,14.53,13.89
20230815,14.69,44078.0,14.55,14.79,14.44
20230816,14.5,107340.0,15.02,15.37,14.45
20230817,14.55,44148.0,14.51,14.75,14.3
20230818,14.13,37538.0,14.48,14.57,14.13
20230821,14.25,40295.0,14.12,14.57,14.1
20230822,14.2,46650.0,14.21,14.3,13.79
20230823,13.89,31417.0,14.07,14.2,13.79
20230824,14.13,33351.0,13.93,14.43,13.75
20230825,13.67,34774.0,14.13,14.13,13.6
20230828,13.45,57876.0,14.09,14.35,13.32
20230829,14.18,55396.0,13.44,14.35,13.38
20230830,14.2,27270.0,14.2,14.35,14.05
20230831,14.39,26479.0,14.13,14.43,14.02
20230901,14.41,31520.0,14.35,14.47,14.24
20230904,14.32,32164.0,14.38,14.43,14.12
20230905,14.3,20085.0,14.31,14.35,14.19
20230906,14.28,20045.0,14.28,14.33,14.14
20230907,14.02,21175.0,14.28,14.3,13.97
20230908,14.18,22867.0,14.02,14.33,13.97
20230911,15.11,91991.0,14.15,15.25,14.12
20230912,15.12,44282.0,15.04,15.22,14.85
20230913,15.16,61348.0,15.43,15.6,15.03
20230914,15.21,66856.0,15.12,15.39,14.96
20230915,15.5,124723.0,14.46,15.82,14.25
20230918,15.49,54995.0,15.39,15.8,15.32
20230919,15.29,30790.0,15.19,15.55,15.19
20230920,15.18,21075.0,15.22,15.4,15.14
20230921,14.98,21220.0,15.08,15.24,14.93
20230922,15.09,26845.0,14.97,15.14,14.7
20230925,16.03,80734.0,15.32,16.34,15.3
20230926,15.76,37035.0,15.99,16.01,15.55
20230927,16.43,68874.0,15.78,16.59,15.55
20230928,16.35,51821.0,16.44,16.78,16.24
20231009,16.45,36015.0,16.3,16.53,15.99
20231010,16.56,32476.0,16.51,16.75,16.25
20231011,17.58,73280.0,16.56,17.81,16.56
20231012,17.57,40683.0,17.57,17.78,17.1
20231013,17.45,23826.0,17.33,17.68,17.28
20231016,17.42,26940.0,17.51,17.68,17.15
20231017,17.16,29987.0,17.53,17.58,16.89
20231018,17.0,22354.0,17.05,17.12,16.85
20231019,16.6,21158.0,16.91,16.96,16.5
20231020,16.41,24882.0,16.44,16.7,16.28
20231023,16.86,41013.0,16.46,17.22,16.35
20231024,17.45,73312.0,16.95,17.57,16.68
20231025,16.91,41648.0,17.33,17.45,16.75
20231026,16.94,29606.0,16.78,17.39,16.68
20231027,17.67,62961.0,16.92,18.03,16.68
20231030,18.32,62118.0,17.58,18.66,17.49
20231031,18.29,32915.0,18.22,18.64,18.14
20231101,18.38,34864.0,18.28,18.62,17.88
20231102,18.0,24545.0,18.25,18.58,17.9
20231103,18.1,29868.0,17.9,18.45,17.9
20231106,18.84,42014.0,18.1,19.07,18.1
20231107,18.6,42984.0,18.67,18.88,18.05
20231108,19.8,77718.0,19.03,19.82,18.79
20231109,20.11,75210.0,19.86,20.68,19.83
20231110,20.26,40464.0,20.18,20.52,19.7
20231113,20.15,29928.0,20.58,20.66,19.95
20231114,20.2,34497.0,20.15,20.56,19.82
20231115,20.13,25021.0,20.31,20.38,19.89
20231116,20.25,36845.0,20.21,20.53,19.8
20231117,20.26,48771.0,20.19,20.65,20.0
20231120,19.77,102005.0,20.26,20.93,19.12
20231121,19.35,68878.0,19.53,20.05,19.18
20231122,19.35,29685.0,19.16,19.58,19.16
20231123,19.83,35563.0,19.48,20.1,19.45
20231124,19.87,28401.0,19.84,20.16,19.6
20231127,20.07,31101.0,19.88,20.23,19.59
20231128,20.56,51961.0,19.9,20.82,19.75
20231129,20.78,35725.0,20.38,20.91,20.32
20231130,22.96,142848.0,21.23,22.96,21.07
20231201,23.37,102674.0,22.98,23.6,22.42
20231204,22.89,60005.0,23.03,23.43,22.45
20231205,22.83,49495.0,22.71,23.24,22.46
20231206,23.39,71243.0,23.1,23.75,22.58
20231207,24.25,134418.0,23.38,25.07,23.37
20231208,25.86,154922.0,23.54,26.52,23.5
20231211,25.67,85667.0,26.06,26.32,24.95
20231212,25.31,69263.0,25.7,25.93,25.0
20231213,25.7,63079.0,25.44,25.99,25.18
20231214,24.15,119391.0,25.53,25.72,23.96
20231215,24.08,67657.0,24.15,24.57,23.6
20231218,24.43,55074.0,24.08,25.0,23.62
20231219,24.22,27910.0,24.6,24.68,23.77
20231220,23.73,26856.0,24.27,24.5,23.68
20231221,23.73,26314.0,23.73,23.83,23.33
20231222,23.53,39104.0,23.74,24.29,23.26
20231225,24.13,27583.0,23.52,24.18,23.25
20231226,23.75,27961.0,24.25,24.28,23.61
20231227,24.07,49543.0,23.93,24.71,23.82
20231228,23.07,82139.0,24.19,24.25,22.75
20231229,23.2,50059.0,23.07,23.74,22.82
20240102,23.12,25522.0,23.2,23.52,22.95
20240103,23.25,29371.0,23.06,23.66,22.79
20240104,22.98,24235.0,23.25,23.38,22.65
20240105,22.39,19011.0,22.99,23.03,22.33
20240108,22.26,20975.0,22.39,22.5,22.12
20240109,22.28,28741.0,22.25,22.73,22.0
20240110,22.05,20382.0,22.27,22.46,21.96
20240111,22.17,22114.0,22.1,22.43,21.93
20240112,21.97,21136.0,22.1,22.65,21.95
20240115,22.59,38870.0,22.4,23.02,21.86
20240116,23.51,57409.0,22.53,23.63,22.38
20240117,22.63,35793.0,23.32,24.03,22.57
20240118,22.27,44414.0,22.39,22.45,21.52
20240119,21.91,23172.0,22.34,22.52,21.7
20240122,20.53,44054.0,21.92,21.92,20.32
20240123,21.63,40745.0,20.53,21.69,20.34
20240124,21.63,19711.0,21.6,22.25,20.96
20240125,21.71,32609.0,21.3,22.18,21.28
20240126,21.29,22297.0,21.54,21.73,20.98
20240129,21.45,26415.0,21.32,21.8,21.15
20240130,20.92,13312.0,21.44,21.44,20.76
20240131,20.14,24501.0,20.4,22.16,20.02
20240201,20.62,36783.0,19.97,21.21,19.6
20240202,19.72,29248.0,20.5,21.05,19.23
20240205,20.67,79160.0,19.78,21.57,19.68
20240206,22.76,65996.0,20.26,23.28,20.19
20240207,22.76,45352.0,22.6,23.66,22.19
20240208,23.66,48361.0,22.76,24.18,21.54
20240219,23.98,37814.0,23.49,24.35,22.46
20240220,24.4,32656.0,23.73,24.53,23.29
20240221,23.1,47686.0,24.4,24.4,23.03
20240222,23.11,31211.0,23.06,23.6,22.67
20240223,22.68,46496.0,23.08,23.08,22.13
20240226,23.42,35566.0,22.52,23.66,22.16
20240227,24.12,36873.0,23.36,24.18,23.05
20240228,22.82,28951.0,24.19,24.45,22.79
20240229,23.7,29892.0,22.44,23.71,22.33
20240301,24.18,28469.0,23.7,24.39,23.45
20240304,25.27,67291.0,24.28,25.53,24.26
20240305,25.28,29867.0,25.15,25.63,24.53
20240306,24.5,36021.0,25.26,25.35,24.19
20240307,24.61,32050.0,24.43,25.28,24.13
20240308,24.89,18203.0,24.59,25.13,24.36
20240311,26.04,42522.0,25.06,26.21,24.98
20240312,25.67,25209.0,25.89,26.23,25.39
20240313,26.09,26335.0,25.13,26.6,25.13
20240314,25.64,21892.0,26.23,26.87,25.53
20240315,25.38,30677.0,25.25,25.94,24.75
20240318,26.32,39715.0,25.39,26.52,24.88
20240319,26.18,22624.0,26.32,26.58,25.74
20240320,25.71,16592.0,25.93,26.29,25.6
20240321,25.89,19518.0,25.55,26.03,25.21
20240322,26.23,17900.0,25.86,26.43,25.46
20240325,25.75,23374.0,26.24,26.73,25.62
20240326,25.49,16130.0,25.4,25.85,25.28
20240327,25.83,25468.0,25.32,26.6,25.03
20240328,27.21,35905.0,25.51,27.32,25.51
20240329,26.28,34570.0,27.29,27.3,25.96
20240401,26.28,33390.0,26.18,26.28,25.1
20240402,25.13,36015.0,25.89,26.18,24.95
20240403,25.3,19283.0,25.11,25.75,25.03
20240408,24.69,30775.0,25.03,25.3,24.49
20240409,24.95,33498.0,24.55,25.14,24.23
20240410,24.53,18686.0,24.78,25.18,24.32
20240411,24.21,23314.0,24.21,24.78,24.05
20240412,24.55,24333.0,24.13,24.93,24.13
20240415,24.93,22496.0,24.55,25.27,24.41
20240416,24.61,18095.0,24.61,25.21,24.38
20240417,24.43,28025.0,24.67,25.26,24.29
20240418,24.25,15469.0,24.39,24.89,24.18
20240419,24.11,20774.0,23.89,24.45,23.61
20240422,25.24,25842.0,24.25,25.63,24.25
20240423,24.15,48328.0,25.43,25.51,23.09
20240424,23.82,30235.0,24.18,24.32,23.6
20240425,24.47,76756.0,23.88,25.23,23.88
20240426,25.33,52363.0,24.6,25.7,24.53
20240429,25.75,36899.0,25.75,26.25,25.25
20240430,26.15,31254.0,25.88,26.47,25.53
20240506,26.67,38666.0,26.46,26.68,25.63
20240507,27.0,38113.0,26.6,27.24,26.46
20240508,26.93,34614.0,26.99,27.18,26.5
20240509,27.25,34684.0,27.02,27.82,26.64
20240510,26.78,24308.0,27.25,27.25,26.68
20240513,26.26,30877.0,26.78,27.02,26.03
20240514,26.3,17122.0,26.26,26.55,25.96
20240515,25.86,20632.0,26.3,26.56,25.73
20240516,25.76,17359.0,26.03,26.16,25.6
20240517,25.17,30726.0,25.83,26.03,24.85
20240520,25.45,37286.0,25.18,25.65,24.6
20240521,25.39,22121.0,25.18,25.68,25.16
20240522,24.88,25905.0,25.49,25.51,24.75
20240523,24.9,20771.0,24.83,25.25,24.6
20240524,25.07,58287.0,24.7,25.77,24.7
20240527,25.25,39792.0,25.07,25.69,24.82
20240528,24.81,27950.0,25.25,25.54,24.7
20240529,24.99,25032.0,24.52,25.14,24.47
20240530,25.1,35285.0,25.01,25.85,24.71
20240531,25.69,53325.0,25.32,26.19,25.19
20240603,26.23,55897.0,25.95,26.83,25.69
20240604,26.49,30891.0,26.06,26.63,25.99
20240605,26.09,33748.0,26.68,26.68,26.05
20240606,25.49,45536.0,26.19,26.22,25.2
20240607,25.14,30923.0,25.47,25.79,24.82
20240611,26.19,33786.0,25.16,26.23,24.8
20240612,26.26,31716.0,26.07,26.54,25.71
20240613,25.88,35526.0,25.96,26.48,25.63
20240614,25.74,48913.0,25.87,25.99,25.3
20240617,26.27,63654.0,25.74,26.87,25.44
20240618,26.1,40410.0,26.27,26.59,25.91
20240619,26.02,29144.0,26.11,26.33,25.89
20240620,25.78,37113.0,25.89,26.27,25.49
20240621,27.28,111589.0,25.75,27.49,25.65
20240624,26.54,46329.0,27.13,27.24,26.43
20240625,25.69,52814.0,26.52,26.54,25.06
20240626,27.18,57412.0,25.85,27.18,25.61
20240627,26.91,48483.0,27.08,27.32,26.79
20240628,26.43,41443.0,26.85,27.59,26.25
20240701,27.03,34456.0,26.17,27.14,25.99
20240702,26.08,34789.0,26.84,26.94,25.99
20240703,25.75,26538.0,26.11,26.22,25.55
20240704,25.32,23043.0,25.75,25.88,25.09
20240705,25.84,29803.0,25.29,25.99,24.81
20240708,24.79,27968.0,25.69,25.89,24.69
20240709,24.87,38800.0,24.79,25.03,24.29
20240710,24.33,31280.0,24.65,24.93,24.14
20240711,25.11,40016.0,24.63,25.34,23.69
20240712,25.75,50692.0,24.94,26.19,24.94
20240715,25.32,27977.0,25.75,25.88,25.27
20240716,25.09,33128.0,25.34,25.46,24.63
20240717,25.28,39036.0,25.23,25.54,24.75
20240718,25.34,41511.0,25.21,25.34,24.65
20240719,27.3,112663.0,25.32,27.65,24.94
20240722,27.23,68597.0,27.28,27.74,26.76
20240723,25.42,67884.0,26.99,27.18,25.35
20240724,24.97,42493.0,25.29,25.74,24.77
20240725,24.46,38408.0,24.84,24.89,24.09
20240726,23.33,97872.0,24.29,24.47,22.89
20240729,22.54,95662.0,22.82,23.44,22.31
20240730,22.68,55664.0,22.59,22.79,22.07
20240731,24.11,89152.0,22.53,24.49,22.47
20240801,23.37,50159.0,24.11,24.49,23.3
20240802,23.5,76452.0,23.29,24.47,23.05
20240805,23.72,60121.0,23.34,24.62,23.17
20240806,23.76,28939.0,24.19,24.19,23.39
20240807,23.38,19826.0,23.69,23.75,23.15
20240808,23.81,43007.0,23.67,23.95,23.11
20240809,22.9,54979.0,23.7,24.14,22.8
20240812,22.4,110112.0,22.29,22.84,21.8
20240813,22.9,52632.0,22.37,22.99,22.2
20240814,22.69,28715.0,22.83,23.23,22.69
20240815,22.53,36115.0,22.87,23.19,22.37
20240816,22.29,33285.0,22.38,22.66,22.14
20240819,22.09,32904.0,22.28,22.65,21.97
20240820,21.64,69871.0,22.07,22.09,21.02
20240821,21.71,29194.0,21.64,22.01,21.41
20240822,22.17,44599.0,21.55,22.25,21.42
20240823,21.89,32337.0,22.14,22.34,21.6
20240826,21.75,52740.0,21.99,22.53,21.19
20240827,21.94,47536.0,21.69,22.11,21.49
20240828,21.21,44197.0,21.94,22.08,21.17
20240829,21.45,47047.0,21.26,21.62,20.85
20240830,21.58,65021.0,21.6,21.84,21.09
20240902,21.36,61382.0,21.47,21.65,20.79
20240903,21.09,40147.0,21.53,22.01,21.06
20240904,21.55,47223.0,20.94,21.89,20.92
20240905,21.69,27339.0,21.73,22.05,21.4
20240906,20.8,37553.0,21.65,21.86,20.79
20240909,20.52,29439.0,20.89,20.89,20.35
20240910,19.86,71605.0,20.62,20.64,19.64
20240911,19.59,66238.0,19.86,19.96,19.29
20240912,18.84,66960.0,19.59,19.78,18.7
20240913,18.61,59151.0,18.89,19.09,18.43
20240918,18.68,34857.0,18.61,19.01,18.39
20240919,18.09,79986.0,18.66,18.72,17.95
20240920,17.75,90477.0,18.05,18.09,17.46
20240923,17.79,54910.0,17.83,18.18,17.58
20240924,18.49,78292.0,17.84,18.63,17.6
20240925,19.14,121043.0,18.99,19.72,18.61
20240926,19.76,71976.0,19.11,19.76,18.64
20240927,21.4,102586.0,20.09,22.09,20.09
20240930,24.32,126046.0,22.69,24.77,22.23
20241008,25.87,204867.0,27.54,28.44,24.34
20241009,22.7,177060.0,25.05,25.18,22.5
20241010,23.39,117296.0,22.89,24.26,22.89
20241011,23.27,89100.0,23.08,23.83,22.59
20241014,23.45,91896.0,23.16,23.76,22.37
20241015,22.87,67481.0,23.13,23.97,22.83
20241016,23.19,54908.0,22.69,23.44,22.65
20241017,23.45,100077.0,23.42,24.29,23.16
20241018,23.72,103780.0,23.39,24.29,23.39
20241021,23.91,76276.0,23.84,24.67,23.66
20241022,24.19,73306.0,23.82,24.64,23.7
20241023,24.04,72269.0,24.19,24.29,23.65
20241024,24.11,59855.0,23.72,24.65,23.69
20241025,23.66,84988.0,24.05,24.2,23.47
20241028,24.05,66886.0,23.52,24.14,23.29
20241029,24.63,236017.0,24.6,25.58,24.57
20241030,23.69,112029.0,24.48,24.69,23.31
20241031,22.94,92186.0,23.72,23.88,22.58
20241101,23.16,89415.0,23.0,23.84,22.79
20241104,23.39,53718.0,23.19,23.64,23.07
20241105,22.68,161939.0,22.64,22.71,21.7
20241106,22.28,140891.0,22.59,22.75,21.91
20241107,23.12,137937.0,21.98,23.43,21.89
20241108,24.39,153624.0,23.75,24.81,23.75
20241111,25.12,118294.0,25.14,25.68,24.73
20241112,25.12,97101.0,25.02,25.79,24.77
20241113,24.59,61206.0,24.86,25.19,24.2
20241114,24.14,54478.0,24.5,25.18,24.05
20241115,23.49,51839.0,24.09,24.34,23.44
20241118,22.57,57712.0,23.43,23.64,22.39
20241119,23.92,63593.0,22.7,23.97,22.7
20241120,24.47,67968.0,23.89,24.68,23.71
20241121,24.46,46226.0,24.56,25.04,24.13
20241122,22.88,66238.0,24.23,24.46,22.83
20241125,22.99,47462.0,23.24,23.66,22.6
20241126,23.49,59238.0,22.91,24.15,22.9
20241127,24.44,105181.0,23.49,24.67,23.31
20241128,24.4,68825.0,24.36,24.67,23.87
20241129,25.11,120832.0,24.23,25.87,24.08
20241202,26.08,107159.0,25.12,26.26,25.0
20241203,25.67,68101.0,26.19,26.29,25.41
20241204,25.32,55950.0,25.66,26.07,25.13
20241205,25.23,32726.0,25.21,25.51,24.91
20241206,25.48,35384.0,25.18,25.59,24.92
20241209,25.49,33805.0,25.74,25.89,25.07
20241210,25.63,57697.0,26.06,26.28,25.34
20241211,25.41,45245.0,25.39,25.69,25.07
20241212,25.85,44217.0,25.45,25.88,25.16
20241213,25.9,77059.0,25.77,26.37,25.53
20241216,24.67,75142.0,25.59,25.97,24.09
20241217,23.89,73282.0,24.71,25.04,23.84
20241218,23.39,77877.0,24.02,24.03,23.23
20241219,23.3,38192.0,23.39,23.61,23.04
20241220,23.57,33483.0,23.54,24.18,23.16
20241223,22.53,69689.0,23.62,23.71,22.45
20241224,22.88,31441.0,22.63,22.89,22.56
20241225,22.51,35183.0,22.98,22.99,22.3
20241226,22.35,38169.0,22.51,22.76,22.21
20241227,22.32,36911.0,22.35,22.63,22.15
20241230,19.66,594122.0,21.99,21.99,17.87
20241231,17.64,432170.0,18.67,18.87,17.6
20250102,16.84,327266.0,17.64,17.78,16.64
20250103,16.66,288055.0,16.74,17.33,16.35
20250106,16.39,302818.0,16.49,16.92,16.04
20250107,16.11,213414.0,16.39,16.47,15.94
20250108,16.38,293127.0,15.99,16.63,15.95
20250109,16.45,215582.0,16.16,16.62,16.01
20250110,16.88,412513.0,16.31,17.49,15.97
20250113,16.8,249069.0,16.65,17.17,16.59
20250114,17.14,278999.0,16.89,17.19,16.65
20250115,15.42,599646.0,16.97,17.05,15.29
20250116,15.19,490620.0,15.34,15.56,14.8
20250117,14.95,280945.0,15.02,15.11,14.71
20250120,15.73,533673.0,15.12,16.18,15.11
20250121,15.29,337759.0,15.74,15.82,15.11
20250122,15.06,183731.0,15.19,15.34,14.99
20250123,15.15,268670.0,15.27,15.46,15.12
20250124,15.3,201038.0,15.09,15.33,14.89
20250127,15.22,184451.0,15.5,15.68,15.22
20250205,15.27,178146.0,15.27,15.38,15.15
20250206,15.42,203573.0,15.22,15.42,15.07
20250207,15.78,316398.0,15.39,15.99,15.28
20250210,15.98,313491.0,15.79,16.01,15.44
20250211,15.58,265030.0,15.97,15.99,15.48
20250212,15.48,246046.0,15.5,15.56,15.27
20250213,16.57,668763.0,15.55,16.99,15.55
20250214,16.61,480679.0,16.62,17.07,16.42
20250217,16.58,325168.0,16.74,16.79,16.39
20250218,15.92,294154.0,16.5,16.55,15.84
20250219,16.42,308606.0,16.29,16.68,16.22
20250220,16.48,282510.0,16.28,16.72,16.26
20250221,16.38,267324.0,16.41,16.72,16.22
20250224,16.26,220716.0,16.43,16.44,16.09
20250225,16.11,178464.0,16.15,16.34,16.0
20250226,17.02,457016.0,16.15,17.26,16.06
20250227,17.16,319848.0,16.86,17.22,16.86
20250228,17.31,435373.0,17.11,17.91,16.97
20250303,16.96,362662.0,17.31,17.65,16.82
20250304,16.96,200032.0,16.88,17.05,16.59
20250305,16.74,173695.0,16.93,17.01,16.62
20250306,16.84,180782.0,16.8,16.92,16.64
20250307,16.63,178856.0,16.77,16.81,16.55
20250310,16.92,203387.0,16.63,17.05,16.63
20250311,16.89,152564.0,16.75,16.94,16.61
20250312,16.71,201403.0,16.88,17.07,16.69
20250313,16.34,217821.0,16.69,16.69,16.2
20250314,16.59,180182.0,16.32,16.62,16.25
20250317,17.1,314121.0,16.67,17.27,16.67
20250318,17.02,164400.0,17.15,17.2,16.95
20250319,17.57,371328.0,16.96,17.77,16.89
20250320,17.29,244145.0,17.58,17.68,17.26
20250321,17.0,192403.0,17.37,17.53,16.92
20250324,17.18,168425.0,16.96,17.18,16.74
20250325,17.35,200837.0,17.19,17.54,17.04
20250326,17.2,155148.0,17.39,17.43,17.06
20250327,17.27,161076.0,17.07,17.35,16.84
20250328,17.88,443210.0,17.13,18.33,17.13
20250331,17.41,280340.0,17.79,17.98,17.24
20250401,18.49,496651.0,17.48,19.09,17.44
20250402,18.41,287108.0,18.5,18.73,18.2
20250403,18.47,266840.0,18.28,18.63,18.13
20250407,16.52,427941.0,17.26,17.95,15.77
20250408,16.45,332415.0,16.52,17.09,15.94
20250409,16.25,330812.0,15.96,16.49,14.1
20250410,16.46,309015.0,16.56,17.07,16.4
20250411,16.51,202294.0,16.23,16.89,16.15
20250414,16.92,216700.0,16.62,16.95,16.56
20250415,16.73,128302.0,16.84,16.93,16.6
20250416,16.38,156366.0,16.65,16.7,16.19
20250417,16.27,94153.0,16.29,16.5,16.25
20250418,16.15,101621.0,16.21,16.42,16.01
20250421,16.4,83861.0,16.14,16.44,15.95
20250422,16.87,171289.0,16.35,16.93,16.34
20250423,16.85,121886.0,16.79,16.96,16.75
20250424,16.19,228904.0,16.96,16.99,16.17
20250425,16.16,121508.0,16.19,16.34,16.01
20250428,15.65,135882.0,16.12,16.13,15.65
20250429,15.77,68606.0,15.64,15.86,15.56
20250430,15.67,88209.0,15.78,15.88,15.66
20250506,15.95,92752.0,15.85,15.98,15.79
20250507,15.84,132705.0,16.11,16.24,15.75
20250508,15.93,89506.0,15.83,15.97,15.72
20250509,15.64,111045.0,15.94,16.02,15.61
20250512,15.69,85772.0,15.74,15.77,15.55
20250513,15.78,127778.0,15.79,15.98,15.71
20250514,15.64,123404.0,15.74,15.8,15.51
20250515,15.46,86253.0,15.63,15.63,15.41
20250516,15.65,103107.0,15.45,15.73,15.41
20250519,15.45,91383.0,15.63,15.68,15.37
20250520,15.77,140153.0,15.45,15.83,15.45
20250521,15.7,91860.0,15.78,15.85,15.69
20250522,15.5,79649.0,15.7,15.72,15.47
20250523,15.57,123163.0,15.53,15.84,15.5
20250526,15.35,102634.0,15.59,15.63,15.24
20250527,15.42,75707.0,15.35,15.59,15.3
20250528,15.17,87101.0,15.35,15.46,15.16
20250529,15.48,115991.0,15.17,15.5,15.1
20250530,15.95,313037.0,15.45,16.63,15.4
20250603,16.53,323289.0,15.79,16.69,15.71
20250604,16.52,212908.0,16.53,16.68,16.3
20250605,16.17,175561.0,16.47,16.56,16.06
20250606,16.02,100223.0,16.17,16.24,15.97
20250609,16.39,220705.0,16.05,16.58,16.03
20250610,16.86,365071.0,16.49,17.21,16.29
20250611,16.68,199870.0,16.86,17.06,16.62
20250612,16.67,167168.0,16.64,16.81,16.43
20250613,16.05,197251.0,16.56,16.67,16.01
20250616,16.11,141111.0,15.99,16.44,15.86
20250617,16.17,230564.0,16.12,16.74,16.07
20250618,15.8,141725.0,16.09,16.1,15.71
20250619,15.44,123090.0,15.8,15.85,15.34
20250620,15.37,73439.0,15.44,15.49,15.34
20250623,15.37,89706.0,15.15,15.4,15.15
20250624,15.52,100775.0,15.4,15.56,15.37
20250625,15.56,115958.0,15.55,15.57,15.36
20250626,15.36,111580.0,15.54,15.54,15.34
20250627,15.48,80726.0,15.42,15.54,15.37
20250630,15.57,94881.0,15.48,15.58,15.39
20250701,16.51,435552.0,15.55,16.85,15.54
20250702,16.19,265620.0,16.31,16.54,16.04
20250703,16.34,177393.0,16.12,16.47,16.06
20250704,16.18,147268.0,16.3,16.42,16.15
20250707,16.01,127642.0,16.16,16.29,15.97
20250708,16.14,141970.0,16.0,16.34,15.95
20250709,16.06,121002.0,16.1,16.24,16.0
20250710,16.19,142477.0,16.01,16.29,15.94
20250711,16.2,168806.0,16.17,16.44,16.13
20250714,16.28,109356.0,16.2,16.34,16.11
20250715,16.07,130531.0,16.22,16.27,15.94
20250716,16.54,280052.0,16.05,16.59,16.03
20250717,16.54,181574.0,16.52,16.59,16.37
20250718,16.64,178789.0,16.55,16.66,16.33
20250721,17.09,327928.0,16.57,17.44,16.51
20250722,17.11,314962.0,16.95,17.49,16.91
20250723,17.13,296598.0,16.95,17.48,16.83
20250724,17.81,424862.0,17.11,17.81,17.11
20250725,17.44,404086.0,17.92,18.17,17.42
20250728,17.4,240277.0,17.52,17.79,17.3
20250729,18.13,420279.0,17.33,18.46,17.17
20250730,18.02,396333.0,17.83,18.51,17.76
20250731,18.43,492423.0,17.9,18.93,17.75
20250801,18.78,456809.0,18.44,19.14,18.21
20250804,18.54,313025.0,18.6,18.8,18.0
20250805,18.2,279026.0,18.46,18.67,18.04
20250806,17.66,347716.0,18.19,18.39,17.65
20250807,17.72,210815.0,17.65,17.95,17.56
20250808,17.72,155980.0,17.67,17.85,17.49
20250811,18.12,197686.0,17.68,18.18,17.61
20250812,17.84,161068.0,18.12,18.28,17.75
20250813,17.98,179201.0,17.83,18.04,17.66
20250814,17.36,219949.0,18.0,18.0,17.34
20250815,17.64,155551.0,17.36,17.75,17.32
20250818,18.84,470474.0,17.8,19.06,17.71
20250819,19.27,400593.0,18.93,19.74,18.75
20250820,18.93,220803.0,19.17,19.24,18.6
20250821,19.87,523523.0,18.97,20.66,18.94
20250822,19.65,353665.0,19.88,20.17,19.31
20250825,19.53,367706.0,19.78,20.27,19.21
20250826,19.28,260314.0,19.55,19.55,19.16
20250827,18.62,237944.0,19.28,19.32,18.62
20250828,18.44,250707.0,18.55,18.76,17.8
20250829,18.53,171553.0,18.44,18.72,18.34
20250901,18.9,193888.0,18.57,18.97,18.37
20250902,18.42,197324.0,18.91,18.96,18.27
20250903,18.15,136372.0,18.42,18.77,18.08
20250904,17.66,172626.0,18.23,18.35,17.44
20250905,18.1,120482.0,17.7,18.1,17.5
20250908,18.19,110635.0,18.0,18.3,17.99
20250909,17.74,130950.0,18.17,18.33,17.63
20250910,17.71,89054.0,17.7,17.93,17.54
20250911,17.84,139150.0,17.58,17.84,17.0
20250912,17.99,148017.0,17.81,18.14,17.61
20250915,17.78,91984.0,17.92,17.99,17.77
20250916,17.73,117106.0,17.79,17.88,17.43
20250917,17.62,76484.0,17.72,17.8,17.57
20250918,17.56,157101.0,17.69,17.99,17.4
20250919,17.27,122205.0,17.46,17.6,17.1
20250922,17.57,164555.0,17.52,18.12,17.51
20250923,17.12,137049.0,17.49,17.53,16.84
20250924,17.25,73238.0,17.05,17.3,17.02
20250925,17.11,102840.0,17.19,17.51,17.08
20250926,16.69,121747.0,16.98,17.11,16.68
20250929,16.49,115052.0,16.69,16.74,16.36
20250930,16.45,97776.0,16.52,16.55,16.4
20251009,17.02,155313.0,16.59,17.05,16.33
20251010,17.14,152354.0,16.9,17.45,16.87
20251013,17.03,122843.0,16.7,17.21,16.6
20251014,16.84,91415.0,17.08,17.15,16.75
20251015,17.25,113780.0,16.88,17.28,16.8
20251016,17.13,83512.0,17.25,17.32,17.08
20251017,16.82,88767.0,17.12,17.33,16.81
20251020,16.72,74142.0,16.9,17.02,16.64
20251021,16.93,70331.0,16.81,17.04,16.71
20251022,17.02,68631.0,16.86,17.15,16.85
20251023,16.87,68180.0,16.92,17.05,16.65
20251024,16.97,64615.0,16.89,17.07,16.86
20251027,17.12,83676.0,17.06,17.17,16.97
20251028,16.83,111217.0,17.11,17.12,16.75
20251029,16.88,79782.0,16.75,16.92,16.66
20251030,16.28,164310.0,16.56,16.59,16.26
20251031,16.59,108476.0,16.28,16.65,16.26
20251103,16.65,72154.0,16.59,16.8,16.41
20251104,16.38,68043.0,16.62,16.63,16.34
20251105,16.44,46807.0,16.3,16.46,16.26
20251106,16.46,52894.0,16.43,16.47,16.33
20251107,16.5,67695.0,16.45,16.62,16.35
20251110,16.81,100846.0,16.51,16.83,16.49
20251111,16.93,87071.0,16.85,16.97,16.72
20251112,16.88,82810.0,16.93,17.05,16.8
20251113,16.95,70188.0,16.85,16.98,16.72
20251114,17.11,143876.0,16.91,17.37,16.86
20251117,16.82,97466.0,17.2,17.2,16.74
20251118,16.63,68871.0,16.8,16.91,16.55
20251119,16.43,65515.0,16.64,16.71,16.36
20251120,16.4,48117.0,16.69,16.69,16.34
20251121,15.91,100660.0,16.33,16.4,15.75
20251124,15.93,44961.0,15.91,16.03,15.82
20251125,16.16,61577.0,15.98,16.25,15.92
20251126,16.09,69697.0,16.17,16.46,16.07
20251127,15.98,48584.0,16.06,16.1,15.94
20251128,16.03,41686.0,15.99,16.05,15.88
20251201,16.11,39465.0,16.0,16.12,15.99
20251202,15.94,39686.0,16.08,16.08,15.93
20251203,15.84,38961.0,15.92,16.01,15.8
20251204,16.11,74721.0,15.95,16.27,15.9
20251205,16.08,55037.0,16.04,16.09,15.84
20251208,16.07,53803.0,16.07,16.15,16.02
20251209,15.93,44772.0,16.08,16.12,15.91
20251210,15.84,47519.0,15.93,15.94,15.76
20251211,15.62,54518.0,15.86,15.95,15.58
20251212,15.61,33791.0,15.68,15.69,15.6
20251215,15.4,46866.0,15.57,15.58,15.4
20251216,15.2,57428.0,15.4,15.44,15.13
20251217,15.35,39688.0,15.2,15.38,15.17
20251218,15.32,30156.0,15.28,15.39,15.21
20251219,15.5,34381.0,15.33,15.53,15.33
20251222,15.54,34047.0,15.45,15.56,15.43
20251223,15.36,35606.0,15.51,15.52,15.31
20251224,15.38,38238.0,15.36,15.4,15.28
20251225,15.39,39305.0,15.39,15.41,15.32
20251226,15.28,45975.0,15.39,15.39,15.24
20251229,15.08,66701.0,15.25,15.26,15.08
20251230,15.14,50222.0,15.07,15.15,14.98
20251231,14.98,47237.0,15.14,15.14,14.98
20260105,15.49,103828.0,15.06,15.53,15.0
20260106,15.54,86546.0,15.46,15.56,15.4
20260107,15.51,58139.0,15.56,15.61,15.49
20260108,15.6,45154.0,15.5,15.64,15.49
20260109,15.77,76661.0,15.6,15.77,15.53
20260112,15.77,96902.0,15.77,15.84,15.66
20260113,15.86,132685.0,15.83,16.15,15.77
20260114,16.0,146588.0,15.88,16.22,15.77
20260115,15.88,69636.0,16.0,16.02,15.8
20260116,15.72,67293.0,15.88,15.93,15.65
20260119,15.67,58096.0,15.72,15.82,15.63
20260120,15.72,48013.0,15.75,15.81,15.64
20260121,15.7,54587.0,15.65,15.78,15.56
20260122,15.67,44281.0,15.7,15.76,15.63
20260123,15.96,89504.0,15.67,15.97,15.66
20260126,16.08,116298.0,16.09,16.18,15.83
20260127,15.8,96398.0,16.06,16.12,15.58
20260128,15.61,60027.0,15.79,15.79,15.58
20260129,15.56,57623.0,15.55,15.66,15.35
20260130,15.4,48928.0,15.57,15.69,15.36
20260202,15.09,53639.0,15.3,15.45,15.06
20260203,15.28,41891.0,15.17,15.28,15.08
20260204,15.43,44303.0,15.27,15.44,15.18
20260205,15.4,38283.0,15.43,15.52,15.36
20260206,15.41,55921.0,15.45,15.65,15.4
20260209,15.48,39890.0,15.44,15.58,15.39
20260210,15.5,38301.0,15.49,15.57,15.41
20260211,15.53,30433.0,15.51,15.55,15.46
20260212,15.55,40916.0,15.54,15.65,15.41
20260213,15.38,40288.0,15.58,15.59,15.35
20260224,15.47,30626.0,15.46,15.49,15.38
20260225,15.69,61940.0,15.49,15.73,15.45
20260226,15.57,47676.0,15.71,15.72,15.54
20260227,15.48,54941.0,15.53,15.6,15.42
20260302,15.01,96213.0,15.31,15.36,14.96
20260303,14.84,71693.0,15.03,15.16,14.8
20260304,14.53,61729.0,14.83,14.84,14.47
20260305,14.67,36361.0,14.7,14.82,14.62
20260306,15.01,47307.0,14.68,15.01,14.65
20260309,14.91,40782.0,14.85,14.98,14.73
20260310,15.01,52394.0,14.98,15.09,14.94
20260311,14.86,42521.0,14.96,14.99,14.83
20260312,14.69,54279.0,14.83,14.84,14.64
20260313,14.72,50830.0,14.61,14.84,14.61
20260316,14.74,39447.0,14.7,14.78,14.61
20260317,14.7,41314.0,14.74,14.93,14.68
20260318,14.83,38537.0,14.68,14.84,14.63
20260319,14.51,53970.0,14.77,14.8,14.48
20260320,14.15,70598.0,14.53,14.63,14.14
20260323,13.27,94647.0,14.02,14.03,13.21
20260324,13.59,50566.0,13.49,13.62,13.31
20260325,13.58,54899.0,13.61,13.71,13.48
20260326,13.52,72448.0,13.59,13.92,13.49
20260327,13.96,96930.0,13.41,13.98,13.39
20260330,13.97,74617.0,13.79,14.1,13.79
20260331,13.84,66951.0,13.91,14.12,13.8
20260401,14.48,114953.0,13.98,14.53,13.98
20260402,14.57,120408.0,14.41,14.79,14.38
20260403,14.2,75098.0,14.5,14.56,14.15
20260407,14.27,53295.0,14.2,14.42,13.95
20260408,14.39,86169.0,14.38,14.54,14.23
20260409,14.22,70626.0,14.3,14.47,14.16
20260410,14.25,51372.0,14.27,14.43,14.2
20260413,14.01,47204.0,14.22,14.22,13.96
20260414,14.0,63026.0,14.08,14.12,13.77
20260415,14.27,75461.0,14.08,14.34,14.04
20260416,14.18,52031.0,14.29,14.31,14.08
20260417,13.93,53295.0,14.14,14.14,13.87
20260420,13.85,34885.0,13.93,13.99,13.83
20260421,13.75,41022.0,13.86,13.96,13.7
20260422,13.8,34813.0,13.73,13.8,13.65
20260423,13.65,42078.0,13.75,13.78,13.59
20260424,13.6,40464.0,13.62,13.65,13.37
20260427,12.92,129755.0,13.18,13.18,12.78
20260428,12.84,69037.0,12.92,13.03,12.73
20260429,12.94,44162.0,12.81,12.97,12.79
20260430,12.85,41714.0,12.92,12.92,12.8
20260506,12.83,61558207.0,12.87,12.94,12.81
20260507,12.78,49581581.0,12.84,12.87,12.74
20260508,12.92,59632933.0,12.78,12.96,12.77
20260511,13.14,102607534.0,12.95,13.14,12.82
20260512,12.87,75763179.0,13.09,13.09,12.82
20260513,12.79,51650816.0,12.87,12.9,12.78
20260514,12.44,79222579.0,12.81,12.84,12.44
20260515,12.49,27103281.0,12.44,12.52,12.42
20260518,12.07,56521811.0,12.3,12.3,12.01
20260519,12.12,36210081.0,12.03,12.18,12.01
20260520,11.75,79392026.0,12.11,12.11,11.68
20260521,11.68,71658483.0,11.75,11.88,11.58
20260522,11.58,56613129.0,11.74,11.77,11.45
20260525,11.88,64759536.0,11.57,11.91,11.4
20260526,11.77,40461132.0,11.8,11.88,11.63
20260527,12.11,130992275.0,11.77,12.44,11.73
